product_id,product_name,supplier_name,delay_days,supplier_price,min_order_qty,date_start,date_end,is_preferred
7841,Mario Kart 8 Deluxe Nintendo Switch,NEXTHOPE,0,241574.00,1.00,,,True
7846,Minecraft Nintendo Switch VF,NEXTHOPE,0,120787.00,1.00,,,True
7862,Super Smash Bros Ultimate Nintendo Switch,NEXTHOPE,0,281695.00,1.00,,,True
7868,New Super Mario Bros U Deluxe Nintendo Switch,NEXTHOPE,0,241574.00,1.00,,,True
7882,Animal Crossing New Horizons Nintendo Switch,NEXTHOPE,0,241574.00,1.00,,,True
7901,Legendes Pokemon Arceus Nintendo Switch,NEXTHOPE,0,241574.00,1.00,,,True
7904,Mario Party Superstars Nintendo Switch VF,NEXTHOPE,0,241574.00,1.00,,,True
7908,Nintendo Switch Sports VF,NEXTHOPE,0,201241.00,1.00,,,True
7911,Manette Nintendo Switch Pro,NEXTHOPE,0,286995.00,1.00,,,True
7913,Nintendo Switch Joy-Con Paire Bleu et Rouge,NEXTHOPE,0,327964.00,1.00,,,True
7917,Nintendo Switch Joy-Con Paire Vert et Rose,NEXTHOPE,0,327964.00,1.00,,,True
7919,Nintendo Switch Joy-Con Paire Bleu et Jaune,NEXTHOPE,0,341585.00,1.00,,,True
7923,Nintendo Switch Joy-Con Gauche Bleue,NEXTHOPE,0,163982.00,1.00,,,True
7939,Nintendo Switch Lite Turquoise,NEXTHOPE,0,971278.00,1.00,,,True
7946,Nintendo Switch OLED + Joy-cons Blanches,NEXTHOPE,0,1371322.00,1.00,,,True
7947,Nintendo Switch OLED + Joy-cons Rouge et Bleu,NEXTHOPE,0,1537689.00,1.00,,,True
7949,Console Nintendo Switch + paire de Joy-Con Rouge et Bleu Néon ,NEXTHOPE,0,1318004.00,1.00,,,True
7984,Everybody 1-2 Nintendo Switch VF,NEXTHOPE,0,120787.00,1.00,,,True
8005,Princess Peach Showtime Nintendo Switch,NEXTHOPE,0,241574.00,1.00,,,True
8009,Super Mario Party Jamboree Nintendo Switch,NEXTHOPE,0,238871.00,1.00,,,True
8054,StarlinK Standard Kit V4,DEVEA MADA,0,1106000.00,1.00,,,True
8054,StarlinK Standard Kit V4,NEXTHOPE,0,1227400.00,1.00,,,False
8055,StarlinK Mini Kit,DEVEA MADA,0,631600.00,1.00,,,True
8055,StarlinK Mini Kit,DEVEA,0,631600.00,1.00,,,False
8056,Starlink Flat High Performance Kit,DEVEA MADA,0,5538455.08,1.00,,,True
8081,Sandisk Micro SDXC 128GB pour Nintendo Switch,NEXTHOPE,0,52682.00,1.00,,,True
8147,Afterglow PDP Nintendo Switch Prismatic Wireless,NEXTHOPE,0,182161.00,1.00,,,True
8171,PDP Nintendo Switch Mario Rouge et Bleu,NEXTHOPE,0,99322.00,1.00,,,True
8174,PDP Rock Candy Mario Nintendo Switch,NEXTHOPE,0,82786.00,1.00,,,True
8181,PDP Xbox Electric Carbon,NEXTHOPE,0,115911.00,1.00,,,True
8186,PDP Xbox Atomic Carbon,NEXTHOPE,0,115911.00,1.00,,,True
8187,PDP Xbox Néon White,NEXTHOPE,0,115911.00,1.00,,,True
8250,Livecards Playsation 25€,NEXTHOPE,0,108968.00,1.00,,,True
8253,Livecards PS Plus 50€,NEXTHOPE,0,217936.00,1.00,,,True
8254,Livecards Playsation 60€,NEXTHOPE,0,261502.00,1.00,,,True
8260,Marvel's Spider-Man 2 PS5 VF,NEXTHOPE,0,316463.00,1.00,,,True
8264,Sony PS5 DualSense Midnight Black V2,NEXTHOPE,0,297330.00,1.00,,,True
8269,Sony PS5 Dualsense Deep Earth Volcanic Red,NEXTHOPE,0,316463.00,1.00,,,True
8270,Console Sony PS5 Edition Standard Chassis D,NEXTHOPE,0,3116814.77,1.00,,,True
8271,Sony PS5 DualSense Deep Earth Sterling Silver,NEXTHOPE,0,316463.00,1.00,,,True
8273,Lecteur à distance Sony PlayStation Portal pour PS5,NEXTHOPE,0,933118.00,1.00,,,True
8281,Console Sony PS5 Pro,NEXTHOPE,0,3392520.00,1.00,,,True
8285,Minecraft Starter Collection Refresh PS4 VF,NEXTHOPE,0,119250.00,1.00,,,True
8310,Gran Turismo 7 PS5 VF,NEXTHOPE,0,316463.00,1.00,,,True
8438,Corsair HS55 sans fil Carbon,NEXTHOPE,0,423735.00,1.00,,,True
8440,Corsair HS35 V2 Noir,NEXTHOPE,0,176543.00,1.00,,,True
8441,Corsair HS35 V2 Bleu,NEXTHOPE,0,176543.00,1.00,,,True
8442,Corsair HS35 V2 Rouge,NEXTHOPE,0,33.31,1.00,,,True
8493,Hori Mario Kart pour Nintendo Switch,NEXTHOPE,0,231822.00,1.00,,,True
8606,Manette Sans Fil Xbox White V2,NEXTHOPE,0,247298.00,1.00,,,True
8668,Routeur TP-Link Archer AX58,NEXTHOPE,0,309096.00,1.00,,,True
8707,Cordon secteur bipolaire,NEXTHOPE,0,9996.00,1.00,,,True
8708,Cordon secteur tripolaire,NEXTHOPE,0,15606.00,1.00,,,True
8770,Lenovo ThinkBook 14 G4,DEVEA MADA,0,2977000.00,1.00,,,True
8771,Lenovo ThinkBook 14 G4,DEVEA MADA,0,3040600.00,1.00,,,True
8781,Moniteur Philips V Line 222V8LA/00,NEXTHOPE,0,382713.00,1.00,,,True
8812,Jabra Evolve 2 40 SE MS Stéréo USB-C,NEXTHOPE,0,380328.00,1.00,,,True
8813,Jabra Evolve 2 40 SE Stéréo MS USB-A,NEXTHOPE,0,337263.00,1.00,,,True
8842,Jabra Evolve 2 65 Link 380a Stereo,NEXTHOPE,0,845456.00,1.00,,,True
8941,Rayman Legends Definitive Edition Nintendo Switch,NEXTHOPE,0,117289.00,1.00,,,True
8989,Riders Republic PS4 VF,NEXTHOPE,0,117289.00,1.00,,,True
8993,Mario et Lapins Cretins Sparks Nintendo Switch,NEXTHOPE,0,156350.00,1.00,,,True
9000,Assassin's Creed Mirage PS4 VF,NEXTHOPE,0,115076.00,1.00,,,True
9001,Assassin's Creed Mirage PS5 VF,NEXTHOPE,0,115076.00,1.00,,,True
9016,Pack Konix Drakkar Barbarian 3 en 1 Clavier + Souris + Tapis de Souris,NEXTHOPE,0,79447.00,1.00,,,True
9021,Starter Pack Konix PS5,NEXTHOPE,0,51948.00,1.00,,,True
9022,Tapis de souris XXL Stranger Things,NEXTHOPE,0,71762.00,1.00,,,True
9024,Tapis de souris M Best Friends Stranger Things,NEXTHOPE,0,28673.00,1.00,,,True
9025,OP GTA V PS5,NEXTHOPE,0,74200.00,1.00,,,True
9026,Casque Gaming Konix Pulsar,NEXTHOPE,0,132500.00,1.00,,,True
9039,"Moniteur Konix Drakkar Nova 24""",NEXTHOPE,0,854619.64,1.00,,,True
9041,Ecouteurs sans fil Konix PSG Bleu,NEXTHOPE,0,100435.00,1.00,,,True
9043,Konix Câble USB 3.0 Type C vers Type C 3M,NEXTHOPE,0,23797.00,1.00,,,True
9122,Konix Drakkar Shaman,NEXTHOPE,0,33800.00,1.00,,,True
9150,Cordon Konix USB Type C pour Nintendo Switch,NEXTHOPE,0,14739.00,1.00,,,True
9169,Konix Drakkar Runemaster Evo,NEXTHOPE,0,56180.00,1.00,,,True
9176,Konix Mythics Noir pour Nintendo Switch,NEXTHOPE,0,20800.00,1.00,,,True
9203,Konix Drakkar Prime Bodhran 7.1,NEXTHOPE,0,158947.00,1.00,,,True
9234,Konix Big Carry Case pour Nintendo Switch,NEXTHOPE,0,92167.00,1.00,,,True
9242,OP GTA 5 Edition Premium PS4 VF,NEXTHOPE,0,68900.00,1.00,,,True
9273,Konix Mythics Charge 3m PS5,NEXTHOPE,0,25500.00,1.00,,,True
9276,Appuie-pouces Konix pour manette PS5,NEXTHOPE,0,18550.00,1.00,,,True
9282,Station de charge Konix Mythics Dual pour Xbox Series X,NEXTHOPE,0,77948.00,1.00,,,True
9291,USG Manette Gaming Blackstone pour PC,NEXTHOPE,0,22790.00,1.00,,,True
9292,Housse Starter Kit USG pour Nintendo Switch,NEXTHOPE,0,20617.00,1.00,,,True
9298,Konix Drakkar Pack Rogue 4 en 1,NEXTHOPE,0,120840.00,1.00,,,True
9302,Konix Drakkar Helheim Elite,NEXTHOPE,0,158947.00,1.00,,,True
9304,Konix Nemesis FFF Noir,NEXTHOPE,0,63547.00,1.00,,,True
9309,Konix Drakkar Utgard,NEXTHOPE,0,46748.00,1.00,,,True
9321,Konix Mythics Titan PS5 Backpack,NEXTHOPE,0,92750.00,1.00,,,True
9340,Konix Verre Trempé 9H pour Nintendo Switch OLED,NEXTHOPE,0,25500.00,1.00,,,True
9344,Pack Accessoires Mythics Dualsense PS5,NEXTHOPE,0,53000.00,1.00,,,True
9353,"Câble Konix Drakkar HDMI 2.0 Noir 1,8m",NEXTHOPE,0,16695.00,1.00,,,True
9354,"Câble Konix Drakkar HDMI 2.1 Noir 1,8m",NEXTHOPE,0,35722.00,1.00,,,True
9363,"Moniteur Konix Drakkar Shadow 27"" 180 Hz",NEXTHOPE,0,937415.95,1.00,,,True
9368,Kit Play & Charge Konix pour Xbox Series X,NEXTHOPE,0,45050.00,1.00,,,True
9371,Microphone streaming Fury Pro Drakkar,NEXTHOPE,0,174847.00,1.00,,,True
9372,Casque Bluetooth Naruto,NEXTHOPE,0,77486.00,1.00,,,True
9381,Konix Webcam Eagle Drakkar,NEXTHOPE,0,61149.00,1.00,,,True
9392,Casque Bleutooth One Piece,NEXTHOPE,0,77486.00,1.00,,,True
9419,Casque Gaming Konix Skylite Nintendo Switch,NEXTHOPE,0,59625.00,1.00,,,True
9420,Casque Gaming Konix Skylite PS5,NEXTHOPE,0,66250.00,1.00,,,True
9500,Dragon Ball Z Kakarot Nintendo Switch VF,NEXTHOPE,0,137088.00,1.00,,,True
9506,Naruto X Boruto Ultimate Ninja Storm Connections Nintendo Switch,NEXTHOPE,0,158152.00,1.00,,,True
9507,Naruto X Boruto Ultimate Ninja Storm Connections PS5,NEXTHOPE,0,158152.00,1.00,,,True
9508,Naruto X Boruto Ultimate Ninja Storm Connections PS4,NEXTHOPE,0,164724.00,1.00,,,True
9509,Tekken 8 PS5,NEXTHOPE,0,237440.00,1.00,,,True
9685,HP 305XL Noir,NEXTHOPE,0,93227.00,1.00,,,True
9685,HP 305XL Noir,SUPERDIST SARL,0,109800.00,1.00,,,False
9686,HP 305XL Tri-color,NEXTHOPE,0,84217.00,1.00,,,True
9686,HP 305XL Tri-color,SUPERDIST SARL,0,100050.00,1.00,,,False
9745,Marshall Kilburn II Black,NEXTHOPE,0,1330202.05,1.00,,,True
9794,Sony WH-CH520 Noir,NEXTHOPE,0,216399.00,1.00,,,True
9795,Sony WH-CH720 Noir,NEXTHOPE,0,347565.00,1.00,,,True
9796,Sony WH-CH520 Bleu,NEXTHOPE,0,216399.00,1.00,,,True
9857,Sony MDR-E9LP Noir,NEXTHOPE,0,29627.00,1.00,,,True
9858,Sony MDR-E9LP Gris,NEXTHOPE,0,29627.00,1.00,,,True
9859,Sony MDR-E9LP Bleu,NEXTHOPE,0,29627.00,1.00,,,True
9862,Sony MDR-EX110AP + Micro Noir Intra Auriculaire,NEXTHOPE,0,59784.00,1.00,,,True
9863,Sony MDR-ZX110 Noir,NEXTHOPE,0,59095.00,1.00,,,True
9864,Sony MDR-ZX110AP avec micro noir,NEXTHOPE,0,73935.00,1.00,,,True
9865,Sony MDR-EX15LP Noir Intra Auriculaire,NEXTHOPE,0,32966.00,1.00,,,True
9866,Sony MDR-EX15AP avec micro noir,NEXTHOPE,0,35828.00,1.00,,,True
9868,Sony MDR-EX110AP + Micro Blanc Intra Auriculaire,NEXTHOPE,0,59784.00,1.00,,,True
9869,Sony MDR-EX15LP Blanc Intra Auriculaire,NEXTHOPE,0,32966.00,1.00,,,True
9870,Sony MDR-EX15AP avec micro blanc,NEXTHOPE,0,35828.00,1.00,,,True
9871,Sony MDR-EX15AP avec micro rose,NEXTHOPE,0,35828.00,1.00,,,True
9872,Sony MDR-ZX110 Blanc,NEXTHOPE,0,59095.00,1.00,,,True
9879,Sony MDR-EX15LP Bleu Intra Auriculaire,NEXTHOPE,0,32966.00,1.00,,,True
9880,Sony MDR-EX15AP avec micro bleu,NEXTHOPE,0,35828.00,1.00,,,True
9970,Jabra Evolve 20 UC Stereo USB A,NEXTHOPE,0,116971.00,1.00,,,True
9971,Jabra Evolve 20 UC Stereo USB C,NEXTHOPE,0,124020.00,1.00,,,True
10069,GTA 5 Edition Premium PS4 VF,NEXTHOPE,0,101442.00,1.00,,,True
10085,GTA 5 PS5 VF,NEXTHOPE,0,140079.00,1.00,,,True
10098,NBA 2K25 PS5,NEXTHOPE,0,103012.00,1.00,,,True
10155,EA Sport FC 25 Standard Nintendo Switch VF,NEXTHOPE,0,237440.00,1.00,,,True
10159,EA Sport FC 25 Standard PS5 VF,NEXTHOPE,0,316516.00,1.00,,,True
10210,EA Sports WRC PS5,NEXTHOPE,0,81673.00,1.00,,,True
10287,Hogwarts Legacy L'Héritage de Poudlard PS5,NEXTHOPE,0,145167.00,1.00,,,True
10294,Hogwarts Legacy L'Héritage de Poudlard Nintendo Switch,NEXTHOPE,0,145167.00,1.00,,,True
10295,Mortal Kombat 1 PS5 VF,NEXTHOPE,0,145167.00,1.00,,,True
10358,Sonic Frontiers Nintendo Switch VF,NEXTHOPE,0,144160.00,1.00,,,True
10368,Casque Pokémon Teen Ball,NEXTHOPE,0,58916.00,1.00,,,True
10426,Tomb Raider I-III Remastered Starring Lara Croft PS5,NEXTHOPE,0,23.33,1.00,,,True
10509,Paw Patrol World La Pat'patrouille PS5,NEXTHOPE,0,152184.00,1.00,,,True
10523,Rouleau thermique 80x80x12mm 48g,NEXTHOPE,0,4360.00,1.00,,,True
10895,Jabra Evolve 40 UC Stereo,NEXTHOPE,0,331939.00,1.00,,,True
10963,Blackview Active 8 Pro Noir,NEXTHOPE,0,982637.34,1.00,,,True
10971,Blackview AirBuds 8 Noir,NEXTHOPE,0,4079.87,1.00,,,True
10973,Blackview Tab 16 Pro Grey,NEXTHOPE,0,567732.00,1.00,,,True
10974,Blackview Tab 16 Pro Blue,NEXTHOPE,0,589284.68,1.00,,,True
10975,Blackview Tab 16 Pro Purple,NEXTHOPE,0,589284.68,1.00,,,True
10978,Blackview R30 Pro Black,NEXTHOPE,0,66045.00,1.00,,,True
10979,Blackview R30 Pro Purple,NEXTHOPE,0,66045.00,1.00,,,True
10980,Blackview K2 Wireless Bluetooth Keyboard,NEXTHOPE,0,68448.19,1.00,,,True
10981,Blackview W60 Noir,NEXTHOPE,0,104082.66,1.00,,,True
10996,Moniteur HP V24ie G5 24'' Noir,NEXTHOPE,0,638573.55,1.00,,,True
10997,"Moniteur HP V27ie 27"" Noir",NEXTHOPE,0,906289.89,1.00,,,True
11008,HP Probook 450 G9,DEVEA MADA,0,3554000.00,1.00,,,True
11009,HP Probook 450 G9,DEVEA MADA,0,3617600.00,1.00,,,True
11040,Jabra Speak 510 MS Noir,NEXTHOPE,0,316887.00,1.00,,,True
11041,Jabra Speak 510 Microsoft USB & Bluetooth,NEXTHOPE,0,391299.00,1.00,,,True
11051,Jabra Speak 750 MS USB/BT & Bundle Link 370,NEXTHOPE,0,870366.00,1.00,,,True
11064,HP Color LaserJet Pro MFP M283fdw,DEVEA MADA,0,2377000.00,1.00,,,True
11067,HP LaserJet MFP M141w Printer,DEVEA MADA,0,692000.00,1.00,,,True
11187,Lenovo IdeaPad L3-15IML05,DEVEA MADA,0,1442000.00,1.00,,,True
11188,Lenovo IdeaPad L3-15IML05,DEVEA MADA,0,1783474.96,1.00,,,True
11237,Ecouteurs Energy Sistem Smart 2 USB-C White,NEXTHOPE,0,53000.00,1.00,,,True
11240,Ecouteurs Energy Sistem True Wireless Style 2 Champagne,NEXTHOPE,0,95983.00,1.00,,,True
11245,NGS Monray Kit + Souris optique,NEXTHOPE,0,53000.00,1.00,,,True
11253,NGS Flame USB Noir,NEXTHOPE,0,18550.00,1.00,,,True
11266,NGS Souris USB Flame Blue,NEXTHOPE,0,18550.00,1.00,,,True
11284,NGS Clavier + Souris Cocoa Kit French,NEXTHOPE,0,33966.00,1.00,,,True
11288,"NGS Sac Ginger Blue 15.6""",NEXTHOPE,0,44574.00,1.00,,,True
11289,NGS Micro filaire Singer Fire,NEXTHOPE,0,31429.00,1.00,,,True
11295,NGS Bow Noir,NEXTHOPE,0,30899.00,1.00,,,True
11296,NGS Bow Blanc,NEXTHOPE,0,29733.00,1.00,,,True
11301,NGS Earphone Crosspick Blue,NEXTHOPE,0,15423.00,1.00,,,True
11303,NGS Earphone Cross Rally Silver,NEXTHOPE,0,23479.00,1.00,,,True
11307,NGS Micro Sans Fil Singer Air,NEXTHOPE,0,120469.00,1.00,,,True
11309,NGS Artica Taboo Sans Fil,NEXTHOPE,0,145656.00,1.00,,,True
11310,Sacoche PC Masterkit + NGS Souris Sans fil,NEXTHOPE,0,51357.00,1.00,,,True
11311,NGS Headset Vox 505 USB,NEXTHOPE,0,39750.00,1.00,,,True
11312,NGS Clavier USB Funky V3,NEXTHOPE,0,24698.00,1.00,,,True
11313,NGS Clavier et Souris sans fil Allure Kit,NEXTHOPE,0,12.49,1.00,,,True
11316,NGS Adapt USB C > HDMI Wonder,NEXTHOPE,0,62911.00,1.00,,,True
11318,NGS Smog-RB Noir,NEXTHOPE,0,66197.00,1.00,,,True
11320,NGS Speaker 2.0 GSX-150 LED,NEXTHOPE,0,67045.00,1.00,,,True
11321,NGS Smog-RB Blanc,NEXTHOPE,0,63699.00,1.00,,,True
11324,NGS Enceinte Roller Nitro 3 Bleu,NEXTHOPE,0,211947.00,1.00,,,True
11326,NGS Speaker Comet 2.1,NEXTHOPE,0,25500.00,1.00,,,True
11327,NGS MSX10 Pro,NEXTHOPE,0,39538.00,1.00,,,True
11330,NGS Artica Greed Blue BT,NEXTHOPE,0,74995.00,1.00,,,True
11331,NGS Artica Greed Pink BT,NEXTHOPE,0,74995.00,1.00,,,True
11332,NGS Artica Wrath Black BT,NEXTHOPE,0,51993.00,1.00,,,True
11333,NGS Souris sans fil avec boutons silencieux Noir,NEXTHOPE,0,38428.00,1.00,,,True
11334,NGS Souris sans fil avec boutons silencieux Rust Ice,NEXTHOPE,0,39167.00,1.00,,,True
11335,NGS Adaptateur USB-C multi-port 8en1 Wonder Dock 8,NEXTHOPE,0,188700.00,1.00,,,True
11337,NGS Souris sans fil Recharge Multimode Hit,NEXTHOPE,0,88608.00,1.00,,,True
11338,NGS Souris ergonomique Bleu,NEXTHOPE,0,21889.00,1.00,,,True
11339,NGS MS103 Max,NEXTHOPE,0,21063.00,1.00,,,True
11340,NGS Souris Dew Gris,NEXTHOPE,0,25970.00,1.00,,,True
11341,NGS Souris sans fil NGS Fog Pro Noir,NEXTHOPE,0,19557.00,1.00,,,True
11343,NGS Speaker SB150 2.0,NEXTHOPE,0,35298.00,1.00,,,True
11347,Chargeur NGS W-90 pour alimentation laptops,NEXTHOPE,0,104091.00,1.00,,,True
11399,Bose SoundLink Revolve Plus II Noire,NEXTHOPE,0,1062432.00,1.00,,,True
11400,Bose SoundLink Revolve Plus II Argent,NEXTHOPE,0,1039584.00,1.00,,,True
11404,HP 250 G10,DEVEA MADA,0,2352000.00,1.00,,,True
11405,HP 250 G10,DEVEA MADA,0,2352000.00,1.00,,,True
11603,Bose Soundlink Micro Noire,NEXTHOPE,0,401952.00,1.00,,,True
11733,Pointeur Laser Logitech Wireless Presenter R400,NEXTHOPE,0,93280.00,1.00,,,True
11735,Logitech M90 Gris,SUPERDIST SARL,0,24200.00,1.00,,,True
11739,Logitech M185 Noir,NEXTHOPE,0,41552.00,1.00,,,True
11742,Logitech B100 Noir,NEXTHOPE,0,18444.00,1.00,,,True
11744,Logitech M171 Noir,NEXTHOPE,0,37740.00,1.00,,,True
11748,Logitech M330 Silent Plus Noir,NEXTHOPE,0,76267.00,1.00,,,True
11765,JBL Tune 500 Rose,NEXTHOPE,0,84376.00,1.00,,,True
11766,JBL Tune 500 Noir,NEXTHOPE,0,81192.00,1.00,,,True
11767,JBL Tune 500 Bleu,NEXTHOPE,0,84376.00,1.00,,,True
11864,Samsung Tuned by AKG Type C Noir,NEXTHOPE,0,40121.00,1.00,,,True
11919,"Moniteur HP V27i 27"" Noir",NEXTHOPE,0,481399.00,1.00,,,True
11922,Nintendo Switch OLED + Joy-cons Blanches,NEXTHOPE,0,1371322.00,1.00,,,True
11929,Logitech K120 for Business,NEXTHOPE,0,44800.00,1.00,,,True
11930,Logitech MK120 Noir,SUPERDIST SARL,0,73000.00,1.00,,,True
11931,Logitech MK270 sans fil Noir,NEXTHOPE,0,130009.00,1.00,,,True
11935,Logitech K400 Plus Noir,NEXTHOPE,0,115646.00,1.00,,,True
11936,Logitech MK220 sans fil Noir,SUPERDIST SARL,0,87000.00,1.00,,,True
11938,Marshall Kilburn II Black and Brass,NEXTHOPE,0,1002966.00,1.00,,,True
11943,Nintendo Switch OLED + Joy-cons Rouge et Bleu,NEXTHOPE,0,1371322.00,1.00,,,True
11948,Marshall Stockwell II Noir et laiton,NEXTHOPE,0,658101.00,1.00,,,True
11962,Marshall Woburn III Noir,NEXTHOPE,0,2803402.03,1.00,,,True
11968,Bloc d'alimentation Ecoflow River 2 Max 1000 W Noir,NEXTHOPE,0,1864915.71,1.00,,,True
11972,"Moniteur Lenovo D24-40 FHD 23,8'' Noir",NEXTHOPE,0,490852.96,1.00,,,True
11976,Harman Kardon Onyx Studio 8 Noir,NEXTHOPE,0,991222.23,1.00,,,True
11985,"Logitech G29 Driving Force pour PS3, PS4, PS5 et PC",NEXTHOPE,0,1129013.55,1.00,,,True
11988,Logitech Driving Force Shifter pour G29,NEXTHOPE,0,177020.00,1.00,,,True
11996,Logitech C930E Noir,NEXTHOPE,0,263823.00,1.00,,,True
11997,Logitech Group Cam,NEXTHOPE,0,2568072.00,1.00,,,True
11998,Logitech C270 HD,NEXTHOPE,0,83104.00,1.00,,,True
11999,Logitech C925e 1080p,NEXTHOPE,0,264311.00,1.00,,,True
12020,Logitech H110 Stereo Analog,NEXTHOPE,0,31323.00,1.00,,,True
12022,Logitech H340 USB A,SUPERDIST SARL,0,109100.00,1.00,,,True
12022,Logitech H340 USB A,NEXTHOPE,0,117448.00,1.00,,,False
12023,Logitech H111 Stereo Analog,NEXTHOPE,0,35547.00,1.00,,,True
12030,Extension Microphone Logitech pour Group Cam,NEXTHOPE,0,943176.00,1.00,,,True
12041,HP Desktop All-in-one 24-cr0023nk,DEVEA MADA,0,3545000.00,1.00,,,True
12042,HP Desktop All-in-one 24-cr0023nk,DEVEA MADA,0,3608600.00,1.00,,,True
12173,Lenovo Thinkpad T460,NEXTHOPE,0,439500.00,1.00,,,True
12332,Lenovo Thinkpad T460p,NEXTHOPE,0,732500.00,1.00,,,True
12388,Lenovo Thinkpad T490,NEXTHOPE,0,951915.00,1.00,,,True
12409,Lenovo Thinkpad T480,NEXTHOPE,0,672570.00,1.00,,,True
12421,Lenovo Thinkpad T490s ,NEXTHOPE,0,1249102.20,1.00,,,True
12422,Lenovo Thinkpad T490s ,NEXTHOPE,0,949700.00,1.00,,,True
12465,Lenovo Thinkpad T490S,NEXTHOPE,0,949700.00,1.00,,,True
12467,Lenovo Thinkpad T490,NEXTHOPE,0,672570.00,1.00,,,True
12474,Lenovo Thinkpad T490s,NEXTHOPE,0,779100.00,1.00,,,True
12495,Lenovo Thinkpad T490,NEXTHOPE,0,823400.00,1.00,,,True
12531,Adam Audio T5V,NEXTHOPE,0,865111.60,1.00,,,True
12532,ADAM AUDIO T7V,NEXTHOPE,0,1035178.52,1.00,,,True
12548,Anker Ergonomique Verticale sans fil,NEXTHOPE,0,71285.00,1.00,,,True
12551,AKAI MPK mini Mk3,NEXTHOPE,0,431572.36,1.00,,,True
12552,AKAI MPK mini MKIII WH,NEXTHOPE,0,444340.08,1.00,,,True
12560,AKG P5S,NEXTHOPE,0,244182.00,1.00,,,True
12561,AKG WMS 40 MINI2 Dual Vocal,NEXTHOPE,0,906505.66,1.00,,,True
12566,ALLEN & HEATH ZED 10,NEXTHOPE,0,1617650.96,1.00,,,True
12586,Apex Electronics - 435B,NEXTHOPE,0,354023.99,1.00,,,True
12598,AUDIO TECHNICA AT2020,NEXTHOPE,0,442410.89,1.00,,,True
12600,Audient - iD24,NEXTHOPE,0,1498523.47,1.00,,,True
12636,Microsoft Windows 10 Pro OEM 64-bit,NEXTHOPE,0,53000.00,1.00,,,True
12689,"Toshiba HDTB410EK3AA 2,5"" 1 To",NEXTHOPE,0,275600.00,1.00,,,True
12713,Toshiba Canvio 4 To Noir,NEXTHOPE,0,503625.00,1.00,,,True
12725,Powerbank INIU 10000mAh 3 Ports Noir,NEXTHOPE,0,75419.00,1.00,,,True
12739,"Powerbank INIU 20000mAh 22,5W Noir",NEXTHOPE,0,123216.00,1.00,,,True
12742,Cable Lightning pour iPhone et iPod 1.2m,NEXTHOPE,0,25449.00,1.00,,,True
12782,Chargeur USB C,NEXTHOPE,0,55182.00,1.00,,,True
12785,Câble UGREEN USB C vers USB 3.0,NEXTHOPE,0,44319.00,1.00,,,True
12787,Adaptateur Rankie HDMI Male vers VGA Male Noir,NEXTHOPE,0,42432.00,1.00,,,True
12817,Adaptateur USB 3.1 Femelle vers USB C Mâle OTG,NEXTHOPE,0,29682.00,1.00,,,True
12821,Chargeur BERLS 20W USB Type C to Lightning,NEXTHOPE,0,63699.00,1.00,,,True
12832,Adaptateur Hub UGREEN Revodok 1071 Hub USB C HDMI 4K,NEXTHOPE,0,99322.00,1.00,,,True
12836,Powerbank INIU 20000mAh 65W Noir,NEXTHOPE,0,202672.00,1.00,,,True
12838,Anker Chargeur iPhone USB Type-C Blanc,NEXTHOPE,0,52224.00,1.00,,,True
12840,Liseuse Kindle 2024 Noir,NEXTHOPE,0,419548.00,1.00,,,True
12842,Câble Rampow USB C vers USB 3.0 & QC3.0 1m,NEXTHOPE,0,26765.00,1.00,,,True
12846,Powerbank Honestself 50000mAh 22.5W Noir,NEXTHOPE,0,198849.00,1.00,,,True
12869,BEHRINGER X AIR XR12,NEXTHOPE,0,1622115.14,1.00,,,True
12872,BEYERDYNAMIC DT 770 PRO-80,NEXTHOPE,0,674213.15,1.00,,,True
12873,BEYERDYNAMIC DT 990 PRO,NEXTHOPE,0,783501.69,1.00,,,True
12880,"Urban Factory Urban Sleeve 14""",NEXTHOPE,0,28461.00,1.00,,,True
12881,"Urban Factory Urban Sleeve 15.6""",NEXTHOPE,0,31641.00,1.00,,,True
12888,BOOMTONE DJ C4 Filaire,NEXTHOPE,0,15774.82,1.00,,,True
12889,BOOMTONE DJ Cirrus 1000,NEXTHOPE,0,1429988.39,1.00,,,True
12900,BOOMTONE DJ F1500 Pro,NEXTHOPE,0,411669.58,1.00,,,True
12908,BOOMTONE DJ KS 1,NEXTHOPE,0,88540.14,1.00,,,True
12909,BOOMTONE DJ KS 3,NEXTHOPE,0,162927.03,1.00,,,True
12922,MAXI SPOT 60 - BOOMTONE DJ,NEXTHOPE,0,631759.50,1.00,,,True
12930,PUPITRES BOOMTONE DJ MUS 2,NEXTHOPE,0,147722.86,1.00,,,True
12941,BoomTone DJ - Skybar v3,NEXTHOPE,0,376371.64,1.00,,,True
12944,BOOMTONE DJ SP M20,NEXTHOPE,0,83141.82,1.00,,,True
12947,BOOMTONE DJ SV 200 II,NEXTHOPE,0,218610.86,1.00,,,True
12951,TRAVELSOUND15-VHF   BoomTone DJ ,NEXTHOPE,0,1296444.13,1.00,,,True
12958,BOOMTONE DJ US1,NEXTHOPE,0,81532.25,1.00,,,True
12960,BoomTone DJ - UV LED BAR 12X1W,NEXTHOPE,0,146533.73,1.00,,,True
12973,Bose - L1 Pro8,NEXTHOPE,0,6747436.33,1.00,,,True
12975,Bose - S1 Pro Plus,NEXTHOPE,0,3548607.90,1.00,,,True
12989,Epson EcoTank L3250,SUPERDIST SARL,0,720050.00,1.00,,,True
12992,Epson 103 Ecotank Black Ink Bottle,SUPERDIST SARL,0,34600.00,1.00,,,True
12992,Epson 103 Ecotank Black Ink Bottle,NEXTHOPE,0,42075.00,1.00,,,False
12993,Epson 103 Ecotank Cyan Ink Bottle,SUPERDIST SARL,0,35000.00,1.00,,,True
12994,Epson 103 Ecotank Magenta Ink Bottle,SUPERDIST SARL,0,35000.00,1.00,,,True
12995,Epson 103 Ecotank Yellow Ink Bottle,SUPERDIST SARL,0,35000.00,1.00,,,True
12995,Epson 103 Ecotank Yellow Ink Bottle,NEXTHOPE,0,42075.00,1.00,,,False
12996,Epson 101 Ecotank Black Ink Bottle,NEXTHOPE,0,70400.00,1.00,,,True
13004,Epson T6641 Black Ink Bottle 70ml,SUPERDIST SARL,0,28800.00,1.00,,,True
13005,Epson T6642 Cyan Ink Bottle 70ml,NEXTHOPE,0,30500.00,1.00,,,True
13006,Epson T6643 Magenta Ink Bottle 70ml,NEXTHOPE,0,25800.00,1.00,,,True
13006,Epson T6643 Magenta Ink Bottle 70ml,SUPERDIST SARL,0,28800.00,1.00,,,False
13007,Epson T6644 Yellow Ink Bottle 70ml,NEXTHOPE,0,25800.00,1.00,,,True
13007,Epson T6644 Yellow Ink Bottle 70ml,SUPERDIST SARL,0,28800.00,1.00,,,False
13017,STAGG SGC1.5  // JACK/JACK 1.5m,NEXTHOPE,0,14092.00,1.00,,,True
13021,Câble Starlink 46m Gen 3,DEVEA MADA,0,189000.00,1.00,,,True
13025,Cameo - Control 54,NEXTHOPE,0,389762.00,1.00,,,True
13051,HP 44A Toner Noir 1000 pages,CLINIC INFO DISTRIBUTION,0,250000.00,1.00,,,True
13143,Dap - COM-ART,NEXTHOPE,0,538042.70,1.00,,,True
13146,Dap - PA-250,NEXTHOPE,0,2080972.88,1.00,,,True
13211,Kingston 3.2 128GB Data Traveler Exodia,NEXTHOPE,0,43036.00,1.00,,,True
13213,Kingston 3.0 128GB Data Traveler Exodia M,NEXTHOPE,0,40545.00,1.00,,,True
13215,Kingston 3.0 64GB Data Traveler Exodia M,NEXTHOPE,0,29998.00,1.00,,,True
13245,Case Logic Portable Hard Drive Case,NEXTHOPE,0,41340.00,1.00,,,True
13251,Electro-Voice - Everse 12,NEXTHOPE,0,4931026.35,1.00,,,True
13252,Electro-Voice - Everse 8,NEXTHOPE,0,3399461.34,1.00,,,True
13260,Elokance e-GO,NEXTHOPE,0,1620985.03,1.00,,,True
13261,Elokance e-GO Max,NEXTHOPE,0,2042042.99,1.00,,,True
13277,Elokance - e-Slim 110,NEXTHOPE,0,1707050.80,1.00,,,True
13281,ELOKANCE Line Club,NEXTHOPE,0,3141887.69,1.00,,,True
13282,Système Colonne Elokance Line One,NEXTHOPE,0,2269349.31,1.00,,,True
13302,Chargeur Samsung 25W USB Type C to Type C,NEXTHOPE,0,74154.00,1.00,,,True
13303,Chargeur Samsung 25W USB Type C to Type C,NEXTHOPE,0,42432.00,1.00,,,True
13312,EVOLITE Fog Fluid PRO 5L,NEXTHOPE,0,165099.55,1.00,,,True
13337,HP 953 XL Cyan Inkjet Cartridge High Capacity,NEXTHOPE,0,174158.00,1.00,,,True
13338,HP 953 XL Magenta Cartridge High Capacity,NEXTHOPE,0,174158.00,1.00,,,True
13339,HP 953 XL Yellow Cartridge High Capacity,NEXTHOPE,0,174158.00,1.00,,,True
13341,HP 123 Tri-color Ink Cartridge,SUPERDIST SARL,0,79400.00,1.00,,,True
13342,HP 123 Black Ink Cartridge,SUPERDIST SARL,0,73700.00,1.00,,,True
13344,HP 652 Black Advantage Ink Cartridge,NEXTHOPE,0,71603.00,1.00,,,True
13356,FBT J15A,NEXTHOPE,0,2430816.07,1.00,,,True
13372,FBT X-Pro 115A,NEXTHOPE,0,3113871.54,1.00,,,True
13401,Cordon RJ45 FTP-CAT6-10V,NEXTHOPE,0,14841.00,1.00,,,True
13402,Cordon RJ45 FTP-CAT6-15V,NEXTHOPE,0,58166.52,1.00,,,True
13405,Cordon RJ45 FTP-CAT6-1V,NEXTHOPE,0,6375.00,1.00,,,True
13406,Cordon RJ45 FTP-CAT6-20V,NEXTHOPE,0,57528.00,1.00,,,True
13411,Cordon RJ45 FTP-CAT6-30V,NEXTHOPE,0,105734.99,1.00,,,True
13416,Cordon RJ45 FTP-CAT6-5V,NEXTHOPE,0,9384.00,1.00,,,True
13443,Gemini - GMU-G100,NEXTHOPE,0,181740.56,1.00,,,True
13444,Générique,POWER TECHNOLOGY,0,90000.00,1.00,,,True
13444,Générique,SPECIO,0,450000.00,1.00,,,False
13444,Générique,NEXTHOPE,0,5200.00,1.00,,,False
13449,Ghost - Party Color,NEXTHOPE,0,761658.53,1.00,,,True
13458,GRAVITY KSX 1,NEXTHOPE,0,176091.95,1.00,,,True
13460,Gravity - MS 5311 B,NEXTHOPE,0,123920.17,1.00,,,True
13471,Lenovo B210 Backpack 15.6'',NEXTHOPE,0,37100.00,1.00,,,True
13498,Toshiba Canvio Basics 1 To Noir,NEXTHOPE,0,251940.00,1.00,,,True
13499,Toshiba Canvio Basics 2 To Noir,NEXTHOPE,0,373167.00,1.00,,,True
13513,HPA - WS-650BK (la paire),NEXTHOPE,0,767424.14,1.00,,,True
13515,MCL Samar Mini Speaker 2x2W RMS,NEXTHOPE,0,16748.00,1.00,,,True
13581,HP LaserJet Pro M501dn Printer,NEXTHOPE,0,2051107.29,1.00,,,True
13582,JBL Barre de son 2.1 Deep Bass MK2,NEXTHOPE,0,1263838.00,1.00,,,True
13583,JBL BOOMBOX 3 WI-FI Noire,NEXTHOPE,0,1618779.00,1.00,,,True
13584,JBL Boombox 3 Noire,NEXTHOPE,0,2251738.87,1.00,,,True
13589,JBL Charge 5 Rouge,NEXTHOPE,0,494649.00,1.00,,,True
13590,JBL Charge 5 Squad,NEXTHOPE,0,494649.00,1.00,,,True
13596,JBL Clip 5 Noir ,NEXTHOPE,0,212053.00,1.00,,,True
13597,JBL Clip 5 Bleu,NEXTHOPE,0,212053.00,1.00,,,True
13598,JBL Clip 5 Squad,NEXTHOPE,0,205587.00,1.00,,,True
13600,JBL Endurance Peak 3 Noir,NEXTHOPE,0,281324.00,1.00,,,True
13604,JBL - EON ONE MK2,NEXTHOPE,0,7202161.30,1.00,,,True
13615,JBL Go 4 Noire,NEXTHOPE,0,151474.00,1.00,,,True
13616,JBL Go 4 Bleu,NEXTHOPE,0,145758.00,1.00,,,True
13617,JBL Go 4 Squad,NEXTHOPE,0,145758.00,1.00,,,True
13631,JBL Partybox Club 120,NEXTHOPE,0,1879792.72,1.00,,,True
13635,JBL PARTYBOX STAGE 320,NEXTHOPE,0,2825428.70,1.00,,,True
13636,Microphone JBL Wireless Noir,NEXTHOPE,0,494486.90,1.00,,,True
13638,JBL Quantum 360P Wireless PlayStation,NEXTHOPE,0,324572.00,1.00,,,True
13639,JBL Quantum 360X Wireless Xbox,NEXTHOPE,0,324572.00,1.00,,,True
13640,JBL Quantum 100 Noir,NEXTHOPE,0,97361.00,1.00,,,True
13642,JBL Tune 110 Noir,NEXTHOPE,0,28090.00,1.00,,,True
13643,JBL Tune 110 Bleu,NEXTHOPE,0,28090.00,1.00,,,True
13645,JBL Tune 110 Blanc,NEXTHOPE,0,27030.00,1.00,,,True
13646,JBL Tune 125 Bluetooth Noir,NEXTHOPE,0,112519.00,1.00,,,True
13649,JBL Tune 205 Noir,NEXTHOPE,0,56233.00,1.00,,,True
13651,JBL Tune 205 Gold,NEXTHOPE,0,56233.00,1.00,,,True
13654,JBL Tune 310C Noir Type C,NEXTHOPE,0,56233.00,1.00,,,True
13655,JBL Tune 310C USB Blanc,NEXTHOPE,0,56233.00,1.00,,,True
13659,JBL Tune 520 Bluetooth Noir,NEXTHOPE,0,168752.00,1.00,,,True
13665,JBL Tune 720 Bluetooth Noir,NEXTHOPE,0,216546.00,1.00,,,True
13666,JBL Tune 720 Bluetooth Bleu,NEXTHOPE,0,225038.00,1.00,,,True
13668,JBL Tune 770NC Noir,NEXTHOPE,0,365700.00,1.00,,,True
13669,JBL Tune 770NC Bleu,NEXTHOPE,0,351900.00,1.00,,,True
13670,JBL TWS Tune Beam Noir,NEXTHOPE,0,281324.00,1.00,,,True
13671,JBL Tuner 2 Bluetooth Noir,NEXTHOPE,0,333264.00,1.00,,,True
13672,JBL Tuner XL Noir,NEXTHOPE,0,515054.00,1.00,,,True
13677,JBL Xtreme 4 Bluetooth Noire,NEXTHOPE,0,1060424.00,1.00,,,True
13678,JBL Xtreme 4 Bluetooth Bleu,NEXTHOPE,0,1020408.00,1.00,,,True
13712,Kit anti-délestage 1000VA 12V batteries 100Ah*1,POWER TECHNOLOGY,0,895000.00,1.00,,,True
13724,Klotz - Câble M1 professionnel XLR mâle - Jack 6.35mm stéréo 3m,NEXTHOPE,0,106349.23,1.00,,,True
13740,Krk - Rokit RP5 G5 (La pièce),NEXTHOPE,0,757000.07,1.00,,,True
13762,HP 953 XL Black Inkjet Cartridge High Capacity,NEXTHOPE,0,246079.00,1.00,,,True
13858,"Moniteur Samsung LC32R500FHPXEN 32""",NEXTHOPE,0,1014493.32,1.00,,,True
13858,"Moniteur Samsung LC32R500FHPXEN 32""",DEVEA MADA,0,1122000.00,1.00,,,False
13860,LD SYSTEMS - HPA 4,NEXTHOPE,0,185288.00,1.00,,,True
13868,LEWITT LCT 440 PURE,NEXTHOPE,0,1220023.96,1.00,,,True
13889,"Moniteur SAMSUNG 24"" Flat FHD Monitor S31C",NEXTHOPE,0,500486.75,1.00,,,True
13892,Moniteur Samsung incurvé LS27C366EAUXEN 27'',DEVEA MADA,0,612000.00,1.00,,,True
13915,Mac Mah - Cyclone-LZR,NEXTHOPE,0,637788.84,1.00,,,True
13917,Mackie - MC-150,NEXTHOPE,0,437708.66,1.00,,,True
13918,Mac Mah - MIC 300,NEXTHOPE,0,206634.19,1.00,,,True
13919,Mackie - Mix8,NEXTHOPE,0,427975.26,1.00,,,True
13922,Mac Mah - Mobile Pro 12,NEXTHOPE,0,1050349.27,1.00,,,True
13923,Mac Mah - Mobile Pro 15,NEXTHOPE,0,1422983.32,1.00,,,True
13924,MACKIE ProFX10v3,NEXTHOPE,0,1099173.97,1.00,,,True
13929,Mackie - THUMP118S,NEXTHOPE,0,4193095.47,1.00,,,True
13931,Mac Mah - UHF 200 M,NEXTHOPE,0,619140.87,1.00,,,True
13932,Mac Mah - W-UHF 200 M,NEXTHOPE,0,499509.04,1.00,,,True
13943,M AUDIO Oxygen 49 MkV,NEXTHOPE,0,819579.04,1.00,,,True
13944,M AUDIO - Oxygen Pro 61,NEXTHOPE,0,1264616.50,1.00,,,True
13945,M AUDIO SP-1,NEXTHOPE,0,74871.58,1.00,,,True
13946,M AUDIO SP-2,NEXTHOPE,0,93068.22,1.00,,,True
13960,Câble HDMI MCL Samar 3D avec Ethernet mâle / mâle 2m,NEXTHOPE,0,10176.00,1.00,,,True
13961,Câble HDMI MCL Samar 3D avec Ethernet mâle / mâle 3m,NEXTHOPE,0,14127.00,1.00,,,True
13987,Boîtier Apple Secteur 20 Watts USB-C Blanc,NEXTHOPE,0,50949.00,1.00,,,True
14006,Apple USB-C to Lightning ,NEXTHOPE,0,51153.00,1.00,,,True
14009,Apple EarPods avec connecteur Lightning,NEXTHOPE,0,72186.00,1.00,,,True
14013,Motu - M2,NEXTHOPE,0,985477.38,1.00,,,True
14018,Projecteur Acer Aopen QH11,DEVEA MADA,0,694000.00,1.00,,,True
14024,Samsung T7 SSD 1 To,NEXTHOPE,0,477411.00,1.00,,,True
14031,Apple Lightning pour iPhone et iPod,NEXTHOPE,0,50949.00,1.00,,,True
14048,NATIVE INSTRUMENTS Kontrol S2 MK3,NEXTHOPE,0,1295933.79,1.00,,,True
14084,Novation - Launchkey 61 MK3,NEXTHOPE,0,1223839.10,1.00,,,True
14092,Numark - HF175,NEXTHOPE,0,185273.08,1.00,,,True
14096,Numark - NS4FX,NEXTHOPE,0,1837465.84,1.00,,,True
14157,Pieces de rechange SAV,NEXTHOPE,0,668754.00,1.00,,,True
14167,PHONIC AM 642D USB,NEXTHOPE,0,1244933.97,1.00,,,True
14174,Pioneer DJ - DDJ-REV1,NEXTHOPE,0,1462787.39,1.00,,,True
14176,Pioneer DJ - HDJ-CUE1,NEXTHOPE,0,357693.91,1.00,,,True
14177,Pioneer DJ HDJ-CUE1BT-R,NEXTHOPE,0,529447.70,1.00,,,True
14179,CÂBLE DMX IP65 XLR FEMELLE 3B - XLR MALE 3B LONGUEUR 5M ,NEXTHOPE,0,65975.72,1.00,,,True
14180,Plugger - Câble Jack Mâle Mono - Jack Mâle Mono 10m Easy,NEXTHOPE,0,44244.10,1.00,,,True
14181,Plugger - Câble Jack Mâle Mono 3m Easy,NEXTHOPE,0,17437.00,1.00,,,True
14182,PLUGGER Cable Jack Male Mono - Jack Male Mono 6m Easy,NEXTHOPE,0,22737.00,1.00,,,True
14183,Plugger - Câble Jack Mâle Stéréo 1.50m Easy,NEXTHOPE,0,27482.35,1.00,,,True
14184,Plugger - Câble Jack Mâle Stéréo - Jack Mâle Stéréo 3m Easy  ,NEXTHOPE,0,24750.87,1.00,,,True
14188,Plugger - Câble XLR Femelle 3b - Jack Mâle Mono 10m Easy,NEXTHOPE,0,44691.24,1.00,,,True
14189,Plugger - Câble XLR Femelle 3b - XLR Mâle 3b 10m Easy,NEXTHOPE,0,34397.00,1.00,,,True
14190,Plugger - Câble XLR femelle 3b - XLR mâle 3b 15m Easy,NEXTHOPE,0,50297.00,1.00,,,True
14191,Cable PLUGGER Depacke : Cable XLR Femelle 3b - XLR Male 3b 3m Easy,NEXTHOPE,0,18497.00,1.00,,,True
14192,Cable Micro PLUGGER Cable XLR Femelle 3b - XLR Male 3b 6m Elite,NEXTHOPE,0,61308.00,1.00,,,True
14193,PLUGGER Cable Tweed Jack Male Mono - Jack Male Mono Coude 3m Easy,NEXTHOPE,0,31790.31,1.00,,,True
14194,PLUGGER Cable Tweed Jack Male Mono - Jack Male Mono Coude 6m Easy,NEXTHOPE,0,34662.00,1.00,,,True
14195,PLUGGER Cable Tweed Jack Male Mono - Jack Male Mono 3m Easy,NEXTHOPE,0,28823.78,1.00,,,True
14196,Plugger - Câble Tweed Jack Mâle Mono - Jack Mâle Mono 6m Easy,NEXTHOPE,0,47584.64,1.00,,,True
14197,Plugger - Câble Y Mini Jack Mâle Stéréo - RCA Mâle 1.50m Easy,NEXTHOPE,0,26302.70,1.00,,,True
14211,Plugger - PDM 165,NEXTHOPE,0,116790.25,1.00,,,True
14212,PLUGGER STUDIO PDM Eco - Perche,NEXTHOPE,0,62169.00,1.00,,,True
14213,PLUGGER STUDIO PDM Studio - Perche,NEXTHOPE,0,152110.00,1.00,,,True
14216,Pocket Pad PLUGGER STUDIO Controleur Midi,NEXTHOPE,0,141510.67,1.00,,,True
14217,Pieds de Table PLUGGER STUDIO Podcast Arm,NEXTHOPE,0,66433.05,1.00,,,True
14238,Presonus - Eris 3.5 2nd Gen (la paire),NEXTHOPE,0,491859.84,1.00,,,True
14242,Presonus - HD7,NEXTHOPE,0,192934.82,1.00,,,True
14244,Presonus - M7 MkII,NEXTHOPE,0,281893.02,1.00,,,True
14248,Prodipe - PRO 580,NEXTHOPE,0,120972.64,1.00,,,True
14311,Playseat Gearshift Holder Pro,NEXTHOPE,0,370212.61,1.00,,,True
14321,Répéteur WiFi TP-LINK AC1200 Blanc,NEXTHOPE,0,132447.00,1.00,,,True
14331,Playseat Evolution Noir,NEXTHOPE,0,1877147.02,1.00,,,True
14332,Playseat Evolution Alcantara Noir,NEXTHOPE,0,1897627.83,1.00,,,True
14352,Sets Podcast & Broadcast RODE Wireless GO II,NEXTHOPE,0,1146336.65,1.00,,,True
14353,ROLAND Rubix24,NEXTHOPE,0,985781.70,1.00,,,True
14394,Kingston Canvas Select Plus SDHC 128GB UHS-I U1 Classe 10 A1,NEXTHOPE,0,57028.00,1.00,,,True
14397,Kingston Canvas Select Plus SDHC 256GB UHS-I U1 Classe 10 A1,NEXTHOPE,0,92769.00,1.00,,,True
14400,Kingston Canvas Select Plus SDHC 64GB UHS-I U1 Classe 10 A1,NEXTHOPE,0,32489.00,1.00,,,True
14410,SanDisk Ultra Go Double USB Type C 32 Go,NEXTHOPE,0,51561.00,1.00,,,True
14411,SanDisk Ultra Go Double USB Type C 64 Go ,NEXTHOPE,0,57929.00,1.00,,,True
14412,SanDisk Ultra Go Double USB Type C 128 Go,NEXTHOPE,0,81651.00,1.00,,,True
14414,SanDisk Ultra Go Double USB Type C 256 Go,NEXTHOPE,0,134991.00,1.00,,,True
14425,SanDisk 128 Go Ultra microSDXC UHS-I Carte + Adaptateur SD,NEXTHOPE,0,77592.00,1.00,,,True
14441,SanDisk Portable 500 Go NVMe SSD,NEXTHOPE,0,478060.00,1.00,,,True
14445,"Moniteur Dell SE2722HX 27"" FHD",NEXTHOPE,0,446199.00,1.00,,,True
14452,Sennheiser - HD-200 PRO,NEXTHOPE,0,345831.95,1.00,,,True
14453,SENNHEISER HD-280 PRO,NEXTHOPE,0,439594.58,1.00,,,True
14456,SENNHEISER XSW IEM SET (A),NEXTHOPE,0,2025766.00,1.00,,,True
14489,Shure - SRH440 A,NEXTHOPE,0,517121.16,1.00,,,True
14521,"Samsung Galaxy Tab A9 8.7""",NEXTHOPE,0,612102.00,1.00,,,True
14525,BOOMTONE DJ SV 100,NEXTHOPE,0,129774.92,1.00,,,True
14526,SoundCraft - FX16 II,NEXTHOPE,0,3633083.40,1.00,,,True
14527,SoundCraft - Ui16,NEXTHOPE,0,2421339.79,1.00,,,True
14543,Stagg - Câble DMX XLR Femelle 3b - XLR Mâle 3b 3 mètres,NEXTHOPE,0,36226.96,1.00,,,True
14549,Starlink mounting bracket Type 1,DEVEA MADA,0,33000.00,1.00,,,True
14550,Starlink mounting bracket Type 2,DEVEA MADA,0,36000.00,1.00,,,True
14551,Starlink mounting bracket Type 3,DEVEA MADA,0,43000.00,1.00,,,True
14613,Mackie - Thrash 212 GO,NEXTHOPE,0,2176256.07,1.00,,,True
14622,Adaptateur WiFi TP-Link USB 300Mbps,NEXTHOPE,0,34503.00,1.00,,,True
14658,Tapis de souris MCL Samar Classic,NEXTHOPE,0,5865.00,1.00,,,True
14660,Transcend Jetflash 790 16GB,NEXTHOPE,0,31111.00,1.00,,,True
14695,Dongle Bluetooth TP-Link Nano USB,NEXTHOPE,0,31641.00,1.00,,,True
14709,Powerbank Urban Factory Juicee Max 30000mAh Noir,NEXTHOPE,0,145644.00,1.00,,,True
14710,Onduleur UPS Technology 1100VA In Line,POWER TECHNOLOGY,0,360000.00,1.00,,,True
14711,Onduleur UPS Technology In Line 2000VA,POWER TECHNOLOGY,0,690000.00,1.00,,,True
14712,Onduleur UPS Technology InLine 850VA,POWER TECHNOLOGY,0,145000.00,1.00,,,True
14720,Câble imprimante USB 2.0,NEXTHOPE,0,37867122.00,1.00,,,True
14721,Câble imprimante USB 2.0,NEXTHOPE,0,7144.74,1.00,,,True
14737,Projecteur Epson EB-FH52 4000 Lumens,NEXTHOPE,0,2921625.00,1.00,,,True
14738,Projecteur Epson EB-E20 XGA 3400 lumens,SUPERDIST SARL,0,2204150.00,1.00,,,True
14739,Projecteur Epson CO-W01 3000 Lumens,NEXTHOPE,0,1673899.00,1.00,,,True
14756,V7 HDMI 1.4 Male 1m Noir,NEXTHOPE,0,11395.00,1.00,,,True
14760,V7 HDMI 2.1 Male 2m Noir,NEXTHOPE,0,13727.00,1.00,,,True
14781,"Case Logic Nylon 17"" Noir",NEXTHOPE,0,142570.00,1.00,,,True
14799,HP 106A Black Laser Cartridge,NEXTHOPE,0,226310.00,1.00,,,True
14801,HP 142A Black Original LaserJet Toner,NEXTHOPE,0,204527.00,1.00,,,True
14802,HP 150A Noir Laserjet Toner,NEXTHOPE,0,223660.00,1.00,,,True
14802,HP 150A Noir Laserjet Toner,SUPERDIST SARL,0,250290.00,1.00,,,False
14804,HP Color LaserJet Pro MFP M479fdw,DEVEA MADA,0,2958000.00,1.00,,,True
14806,HP 415X Noir Laserjet Toner,NEXTHOPE,0,818850.00,1.00,,,True
14808,HP 415X Cyan Laserjet Toner,NEXTHOPE,0,1079721.00,1.00,,,True
14810,HP 415X Yellow Laserjet Toner,NEXTHOPE,0,1118406.00,1.00,,,True
14812,HP 415X Magenta Laserjet Toner,NEXTHOPE,0,1118406.00,1.00,,,True
14817,HP 207A Noir Laserjet Toner,NEXTHOPE,0,354800.00,1.00,,,True
14818,HP 207A Cyan Laserjet Toner,NEXTHOPE,0,346302.00,1.00,,,True
14819,HP 207A Jaune Laserjet Toner,NEXTHOPE,0,346302.00,1.00,,,True
14820,HP 207A Magenta Laserjet Toner,NEXTHOPE,0,346302.00,1.00,,,True
14821,HP 216A Noir Laserjet Toner,NEXTHOPE,0,275300.00,1.00,,,True
14936,Xprinter Imprimante Thermique XP-Q801K,NEXTHOPE,0,205465.04,1.00,,,True
14954,YAMAHA HS7 (La Piece),NEXTHOPE,0,1196702.60,1.00,,,True
14956,Yamaha - MG12X,NEXTHOPE,0,2242426.28,1.00,,,True
14957,Yamaha - MG16X,NEXTHOPE,0,2460850.81,1.00,,,True
14981,ALESIS ASP-2,NEXTHOPE,0,92397.68,1.00,,,True
14982,Alesis Drum - Surge mesh kit Special Edition,NEXTHOPE,0,3131929.09,1.00,,,True
14983,Ampeg - Rocket Bass RB-108,NEXTHOPE,0,1067038.76,1.00,,,True
14992,Boss - Katana 100 Gen 3,NEXTHOPE,0,2257487.57,1.00,,,True
14998,Cort - Action ACT4PJ Open Pore Walnut,NEXTHOPE,0,1117724.73,1.00,,,True
14999,CORT SFX-ME Natural Open Pore,NEXTHOPE,0,1040098.69,1.00,,,True
15001,D'ADDARIO EJ16 - 12/53,NEXTHOPE,0,44538.59,1.00,,,True
15002,D'ADDARIO EJ26 tirant 11/52,NEXTHOPE,0,40300.00,1.00,,,True
15003,D'ADDARIO EJ27N - Tirant Normal,NEXTHOPE,0,34185.00,1.00,,,True
15004,D'ADDARIO EJ27N 3/4,NEXTHOPE,0,46889.70,1.00,,,True
15005,D'ADDARIO EJ45 ,NEXTHOPE,0,65289.58,1.00,,,True
15006,D'ADDARIO EJ46,NEXTHOPE,0,60755.18,1.00,,,True
15007,D'ADDARIO EXL110 - 10/46,NEXTHOPE,0,34492.68,1.00,,,True
15008,D'ADDARIO EXL115 - 11/49,NEXTHOPE,0,34492.68,1.00,,,True
15009,D'ADDARIO EXL116 11-52,NEXTHOPE,0,37605.85,1.00,,,True
15010,D'ADDARIO EXL120 - 9/42,NEXTHOPE,0,35797.31,1.00,,,True
15011,D'ADDARIO EXL125 - 9/46,NEXTHOPE,0,31460.00,1.00,,,True
15012,D'ADDARIO PW-CP-16 ,NEXTHOPE,0,60755.18,1.00,,,True
15015,DUNLOP 418P50 Pack de 12,NEXTHOPE,0,35230.51,1.00,,,True
15016,DUNLOP 418P88 Pack de 12,NEXTHOPE,0,35230.51,1.00,,,True
15021,DUNLOP B100 Manivelle Guitare,NEXTHOPE,0,27751.39,1.00,,,True
15022,Dunlop PVP101 light medium Pack de 12,NEXTHOPE,0,36219.30,1.00,,,True
15023,Dunlop - PVP102 Variety medium heavy Pack de 12,NEXTHOPE,0,31096.00,1.00,,,True
15029,Elixir - 11025 Polyweb 11/52 Custom Light ,NEXTHOPE,0,74960.75,1.00,,,True
15030,Elixir 11050 Polyweb 12/53 Light,NEXTHOPE,0,79315.67,1.00,,,True
15031,ELIXIR 12002 Nanoweb 09/42 ,NEXTHOPE,0,58322.17,1.00,,,True
15032,ELIXIR 12052 Nanoweb 10/46 Light,NEXTHOPE,0,59708.71,1.00,,,True
15033,ELIXIR 12102 Nanoweb 11/49 ,NEXTHOPE,0,70152.39,1.00,,,True
15035,Elixir - 16002 Nanoweb 10/47 Extra Light,NEXTHOPE,0,84870.30,1.00,,,True
15036,Elixir - 19002 Optiweb 09/42 Super Light ,NEXTHOPE,0,74053.87,1.00,,,True
15037,Elixir 19052 Optiweb 10/46 Light,NEXTHOPE,0,61999.53,1.00,,,True
15038,Pack Epiphone Slash AFD Les Paul Special-II Guitar Outfit,NEXTHOPE,0,1565453.46,1.00,,,True
15040,ERNIE BALL Earthwood Bronze 11-52,NEXTHOPE,0,35797.31,1.00,,,True
15041,Ernie Ball - P2006 Earthwood 10/50,NEXTHOPE,0,34471.05,1.00,,,True
15042,ERNIE BALL 2008 Earthwood Bronze 10-52,NEXTHOPE,0,29627.00,1.00,,,True
15044,ERNIE BALL CORDES SLINKY POWER 11-48,NEXTHOPE,0,26609.80,1.00,,,True
15045,ERNIE BALL EP02221 10/46,NEXTHOPE,0,27989.14,1.00,,,True
15046,ERNIE BALL EP02222 - 9/46,NEXTHOPE,0,28782.66,1.00,,,True
15047,ERNIE BALL EP02223 - 9/42,NEXTHOPE,0,28442.58,1.00,,,True
15048,ERNIE BALL Ernesto Palla Clear And Silver,NEXTHOPE,0,35343.87,1.00,,,True
15049,ERNIE BALL Ernesto Palla Black And Silver,NEXTHOPE,0,37206.00,1.00,,,True
15050,ERNIE BALL ERNESTO PALLA ,NEXTHOPE,0,44333.50,1.00,,,True
15051,Ernie Ball - CORDES COBALT SLINKY 09-46,NEXTHOPE,0,61888.78,1.00,,,True
15053,ERNIE BALL 55-110,NEXTHOPE,0,100425.55,1.00,,,True
15054,Ernie Ball - CORDES BASSE SLINKY 6 CORDES LONG SCALE 32-130,NEXTHOPE,0,128696.06,1.00,,,True
15055,Ernie Ball - 4036 SANGLE POLYPRO BLANCHE ERNIE BALL,NEXTHOPE,0,36933.16,1.00,,,True
15056,4037 POLYPRO NOIRE ERNIE BALL,NEXTHOPE,0,33024.21,1.00,,,True
15057,ERNIE BALL EPO2215 - 10/52,NEXTHOPE,0,29814.39,1.00,,,True
15064,"Tom/Floor Tom EVANS B14G2 14"" Blanche Sablee",NEXTHOPE,0,104703.36,1.00,,,True
15065,"Caisse Claire EVANS B14HDD HD Dry Coated 14""",NEXTHOPE,0,128756.96,1.00,,,True
15070,Pack EVANS ETP-EC2SCLR-F Clear 10 12 14,NEXTHOPE,0,276554.00,1.00,,,True
15071,"Pack EVANS ETP-EC2SCLR-R EC2 Clear Rock Tom Pack (10"" + 12"" + 16"")",NEXTHOPE,0,345167.89,1.00,,,True
15072,"Pack EVANS ETP-G2CTD-F G2 Coated Fusion Tom Pack (10"" + 12"" + 14"")",NEXTHOPE,0,247144.95,1.00,,,True
15086,Combo Basse FENDER Rumble 15 V3,NEXTHOPE,0,782748.65,1.00,,,True
15088,FISHMAN PRO-NEO-D01 Neo-D SingleCoil,NEXTHOPE,0,224815.15,1.00,,,True
15092,Gewa Fire&Stone Mécanique Guitare Folk,NEXTHOPE,0,71825.28,1.00,,,True
15093,GHS Fast Fret FF12,NEXTHOPE,0,37789.00,1.00,,,True
15100,Combo Basse HARTKE HD50,NEXTHOPE,0,1253758.78,1.00,,,True
15101,Hartke - HD75,NEXTHOPE,0,1497237.48,1.00,,,True
15109,Ibanez - GA35TCE Dark Violin Sunburst,NEXTHOPE,0,1424746.00,1.00,,,True
15112,Ibanez - GRG121SP-BMC Guitare Metal / Moderne,NEXTHOPE,0,1362241.39,1.00,,,True
15113,IBANEZ GRG140-SB - sunburst ,NEXTHOPE,0,1216776.91,1.00,,,True
15115,Ibanez - GRX120SP-MLM,NEXTHOPE,0,1043930.82,1.00,,,True
15118,IBANEZ GRX70QA-TBB,NEXTHOPE,0,1160190.68,1.00,,,True
15120,Ibanez - GSA60 WNF,NEXTHOPE,0,1189703.94,1.00,,,True
15121,IBANEZ GSR180 BEM Baltic Blue Metallic,NEXTHOPE,0,808568.00,1.00,,,True
15122,IBANEZ GSR 180 - BK,NEXTHOPE,0,1001825.75,1.00,,,True
15131,Ibanez - SR300E CUB Cerulean Aura Burst,NEXTHOPE,0,1311379.00,1.00,,,True
15139,JACKSON JS Series Spectra Bass JS2 Snow White,NEXTHOPE,0,1189541.40,1.00,,,True
15140,Jackson - JS Series Spectra Bass JS3V Walnut Stain,NEXTHOPE,0,1909493.77,1.00,,,True
15143,Stand et Support K&M 15580 Support Violon,NEXTHOPE,0,120844.02,1.00,,,True
15149,Korg - B2SP Black,NEXTHOPE,0,3240573.72,1.00,,,True
15157,LAG OC88CE Occitania,NEXTHOPE,0,1760405.59,1.00,,,True
15158,LAG VIAN-001 Travel Signature Vianney,NEXTHOPE,0,2259860.91,1.00,,,True
15159,Laney - LX20R Red,NEXTHOPE,0,895336.45,1.00,,,True
15163,Systeme HF Instruments LINE 6 Relay G10II,NEXTHOPE,0,865370.53,1.00,,,True
15164,LTD B-10 KIT Black Satin avec Housse,NEXTHOPE,0,1621710.64,1.00,,,True
15173,Marshall Code 25 - Combo Guitare Electrique,NEXTHOPE,0,909507.26,1.00,,,True
15174,Marshall - Code 50,NEXTHOPE,0,1344644.53,1.00,,,True
15175,Markbass - MB58R 121 PURE,NEXTHOPE,0,3082927.83,1.00,,,True
15176,Combo Basse Markbass MICROMARK 801,NEXTHOPE,0,1700933.21,1.00,,,True
15183,Mooer - GE 200,NEXTHOPE,0,1151769.73,1.00,,,True
15186,MUSICNOMAD MN117 - DRUM DETAILER & CYMBAL CLEANER,NEXTHOPE,0,51569.00,1.00,,,True
15198,NUX MG30,NEXTHOPE,0,1283028.49,1.00,,,True
15199,Zoom G6 - Multieffet Guitare,NEXTHOPE,0,1386748.95,1.00,,,True
15203,PALMER POCKET AMP BASS,NEXTHOPE,0,568743.00,1.00,,,True
15205,PEARL CH-830,NEXTHOPE,0,253234.00,1.00,,,True
15206,PEARL D-50,NEXTHOPE,0,326939.35,1.00,,,True
15215,PEARL P530 Standard Footboard,NEXTHOPE,0,360121.56,1.00,,,True
15226,ProMark Rebound 5A Activegrip Acorn,NEXTHOPE,0,68990.57,1.00,,,True
15227,PROMARK Rebound 5B ActiveGrip Acorn R5BAG - Paire de Baguette,NEXTHOPE,0,79006.88,1.00,,,True
15249,ROLAND DP-10,NEXTHOPE,0,216140.05,1.00,,,True
15255,Roland FP-10,NEXTHOPE,0,2286066.31,1.00,,,True
15257,Roland - GO:PIANO GO-61P,NEXTHOPE,0,1378755.35,1.00,,,True
15265,Roland - RH-5,NEXTHOPE,0,181621.61,1.00,,,True
15266,Roland - RP107 piano numérique,NEXTHOPE,0,4918949.79,1.00,,,True
15268,Roland - TD-07DMK,NEXTHOPE,0,3472989.96,1.00,,,True
15272,RTX - G1N,NEXTHOPE,0,68166.58,1.00,,,True
15273,RTX X93,NEXTHOPE,0,180283.41,1.00,,,True
15278,"SABIAN SBR - Set harmonique - 14""-16""-20"" + splash 10"" offerte",NEXTHOPE,0,1622942.08,1.00,,,True
15286,SCHLAGWERK SK12 Shaker Havana (modele court),NEXTHOPE,0,96020.89,1.00,,,True
15294,Squier - Sonic Stratocaster Pack 10G,NEXTHOPE,0,1082101.00,1.00,,,True
15299,Squier Affinity Telecaster MN 3-Color Sunburst,NEXTHOPE,0,1033500.00,1.00,,,True
15300,Squier - Affinity Precision Bass PJ MN Olympic White,NEXTHOPE,0,1135101.00,1.00,,,True
15302,Squier by FENDER - Affinity Jazz Bass MN 3-Color Sunburst,NEXTHOPE,0,1082101.00,1.00,,,True
15304,STAGG AXK SET,NEXTHOPE,0,854167.38,1.00,,,True
15309,ACCORDEUR STAGG CTU-C1,NEXTHOPE,0,23857.27,1.00,,,True
15327,STAGG SA20D NAT GUITARE ACOUSTIQUE FOLK,NEXTHOPE,0,576206.05,1.00,,,True
15341,Stagg - VN4/4-TR,NEXTHOPE,0,412234.00,1.00,,,True
15349,Takamine - GC1CE-NAT,NEXTHOPE,0,1585509.38,1.00,,,True
15350,Takamine GD11MCE-NS,NEXTHOPE,0,1500318.08,1.00,,,True
15351,TAKAMINE GN20CE-NS,NEXTHOPE,0,1939426.49,1.00,,,True
15352,Takamine - GX18CE-NS ,NEXTHOPE,0,1582394.81,1.00,,,True
15366,Tobago - GB20C,NEXTHOPE,0,78864.00,1.00,,,True
15369,Vic Firth - 2BN American Classic,NEXTHOPE,0,71861.70,1.00,,,True
15373,VIC FIRTH Dave Weckl Nylon - Paire de baguette,NEXTHOPE,0,83750.00,1.00,,,True
15384,Vox - VT20X,NEXTHOPE,0,799134.00,1.00,,,True
15385,Vox VT40X - Combo Guitare Electrique,NEXTHOPE,0,1428013.99,1.00,,,True
15390,YAMAHA CX40 II ELECTRO NYLON,NEXTHOPE,0,649091.00,1.00,,,True
15391,YAMAHA FC4A,NEXTHOPE,0,364703.48,1.00,,,True
15396,Yamaha - NTX1 BL ,NEXTHOPE,0,2233865.33,1.00,,,True
15399,Yamaha - P-225 Black,NEXTHOPE,0,3020618.55,1.00,,,True
15423,YAMAHA YRS 32B Soprano. doigte Baroque. Marron et Creme,NEXTHOPE,0,82675.14,1.00,,,True
15426,Zildjian 5A - Paire de Baguette,NEXTHOPE,0,61225.65,1.00,,,True
15429,ZILDJIAN I Essentials Cymbal Pack (14/18),NEXTHOPE,0,1423458.26,1.00,,,True
18975,"Asus VivoBook S1404ZA-NK385W 14""",NEXTHOPE,0,2340798.00,1.00,,,True
18976,Benfei Adaptateur HDMI vers VGA,NEXTHOPE,0,38160.00,1.00,,,True
18977,HikVision Onduleur DS-UPS600(O-STD)/EU,R2S,0,114338.95,1.00,,,True
18978,JBL Tune 305C USBC Noir,NEXTHOPE,0,56233.00,1.00,,,True
18979,Lenovo ThinkBook 14 G2 ITL,NEXTHOPE,0,1272000.00,1.00,,,True
18980,Lenovo ThinkPad L14 Gen 2,NEXTHOPE,0,1213700.00,1.00,,,True
18981,Lenovo Thinkpad L390,NEXTHOPE,0,538056.00,1.00,,,True
18982,Lenovo ThinkPad X380 YOGA,NEXTHOPE,0,672570.00,1.00,,,True
18983,Marshall Emberton III Noir et Laiton,NEXTHOPE,0,760126.00,1.00,,,True
18984,Moniteur BenQ MOBIUZ 27'',MANOOVA,0,1660930.55,1.00,,,True
18985,"MSI Gaming Cyborg 15 A13VFK-1640FR 15,6""",NEXTHOPE,0,4416702.00,1.00,,,True
18986,"MSI Gaming Thin 15 B13VE-2266FR 15,6""",NEXTHOPE,0,3533298.00,1.00,,,True
18987,Onduleur Hikvision InLine 1000VA,R2S,0,138300.00,1.00,,,True
18988,"Asus VivoBook X1504ZA-BQ898W 15""",NEXTHOPE,0,2906133.00,1.00,,,True
18989,Benfei Adaptateur HDMI femelle vers VGA mâle,NEXTHOPE,0,56710.00,1.00,,,True
18990,HikVision Caméra DS-J142I(STD)/E04HGHI-B+2+2CAM,R2S,0,597598.53,1.00,,,True
18991,HikVision Caméra DS-J142I(STD)/E08HGHI-B+4+4CAM,R2S,0,979526.62,1.00,,,True
18992,HikVision Ecran DS-D5022F2-1V1,R2S,0,260308.06,1.00,,,True
18993,HP 250 G10 W11Pro,DEVEA MADA,0,2415600.00,1.00,,,True
18994,JBL Junior JR320 Bleu,NEXTHOPE,0,84376.00,1.00,,,True
18995,JBL Junior JR320 Purple,NEXTHOPE,0,84376.00,1.00,,,True
18996,JBL Tune 305C USBC Blanc,NEXTHOPE,0,56233.00,1.00,,,True
18997,Lenovo ThinkBook 14 G4 Win11Pro,DEVEA MADA,0,3040600.00,1.00,,,True
18998,Lenovo ThinkPad E490,NEXTHOPE,0,689000.00,1.00,,,True
18999,Lenovo ThinkPad L14 Gen 1,NEXTHOPE,0,1059311.00,1.00,,,True
19000,Lenovo Thinkpad T490s,NEXTHOPE,0,779100.00,1.00,,,True
19001,Logitech K120 Clavier Azerty,SUPERDIST SARL,0,45985.00,1.00,,,True
19001,Logitech K120 Clavier Azerty,NEXTHOPE,0,55120.00,1.00,,,False
19002,Logitech Stereo Z150 Noir,SUPERDIST SARL,0,121300.00,1.00,,,True
19003,Support Télévision ONKRON sur pied roulant,NEXTHOPE,0,841500.00,1.00,,,True
19009,Ibanez - GRX70QA-TRB Rouge,NEXTHOPE,0,1037899.00,1.00,,,True
19010,Ibanez GSRM20-BS GIO SR MiKro Marron,NEXTHOPE,0,817101.00,1.00,,,True
19011,"Squier by Fender - Debut Collection Telecaster, Touche en Laurier, Pickguard Blanc, Sunburst 2 Couleurs",NEXTHOPE,0,662447.00,1.00,,,True
19012,"Squier by Fender Sonic Telecaster, Plaque de Protection Noire, Rouge Torino",NEXTHOPE,0,746399.00,1.00,,,True
19013,Sonic Precision Bass 2-Color Sunburst Squier by FENDER,NEXTHOPE,0,828125.00,1.00,,,True
19102,Câble Hori Ultra High HDMI 8K Noir,NEXTHOPE,0,62911.00,1.00,,,True
19103,Casque Audio sans-fil Konix Hello Kitty,NEXTHOPE,0,77486.00,1.00,,,True
19104,Chargeur NGS 45W Type C pour laptops,NEXTHOPE,0,85807.00,1.00,,,True
19105,Chargeur NGS 65W Type C pour laptops,NEXTHOPE,0,112519.00,1.00,,,True
19106,Concentrateur USB 2.0 Hub 4 Ports,NEXTHOPE,0,24327.00,1.00,,,True
19107,Ecouteurs Energy Sistem Type C métallisé Bleu,NEXTHOPE,0,53000.00,1.00,,,True
19108,Ecouteurs Energy Sistem Type C métallisé Noir,NEXTHOPE,0,53000.00,1.00,,,True
19109,NGS Artica Wrath White BT,NEXTHOPE,0,51993.00,1.00,,,True
19110,NGS Earphone Cross Rally Black,NEXTHOPE,0,23479.00,1.00,,,True
19111,NGS Earphone Cross Rally Graphit,NEXTHOPE,0,23479.00,1.00,,,True
19112,NGS Hub USB Port 2.0 4 Ports,NEXTHOPE,0,15635.00,1.00,,,True
19113,NGS I Hub 4 USB USB 3.0,NEXTHOPE,0,58724.00,1.00,,,True
19114,NGS Souris Dew Blanc,NEXTHOPE,0,25970.00,1.00,,,True
19115,NGS SPEAKER 2.0 GSX-200,NEXTHOPE,0,94340.00,1.00,,,True
19116,NGS SPK BT ROLLER BEAST AZURE,NEXTHOPE,0,218466.00,1.00,,,True
19117,NGS WONDER IHUB4: HUB USB-C AVEC 4 PORTS USB 3.0,NEXTHOPE,0,42824.00,1.00,,,True
19118,Sandisk Micro SDXC 1TB pour Nintendo Switch,NEXTHOPE,0,549822.00,1.00,,,True
19119,Sandisk Micro SDXC 64GB pour Nintendo Switch,NEXTHOPE,0,48495.00,1.00,,,True
19120,Sony MDR-E9LP Rose,NEXTHOPE,0,29627.00,1.00,,,True
19121,Sony MDR-EX110AP + Micro Intra Auriculaire Rouge,NEXTHOPE,0,59784.00,1.00,,,True
19122,Sony MDR-EX15LP Intra Auriculaire Rose,NEXTHOPE,0,32966.00,1.00,,,True
19123,SONY WF-C500 BT TWS WHITE,NEXTHOPE,0,293673.00,1.00,,,True
19132,Amazon Fire TV Stick 4K,NEXTHOPE,0,282591.00,1.00,,,True
19133,Benfei Adaptateur VGA vers HDMI,NEXTHOPE,0,57477.00,1.00,,,True
19134,Lenovo ThinkBook 14 2-in-1 G4 IML,NEXTHOPE,0,4174401.00,1.00,,,True
19135,Dell Latitude 5310,NEXTHOPE,0,865062.00,1.00,,,True
19136,[A1427290] Lenovo Thinkpad T490,NEXTHOPE,0,786471.00,1.00,,,True
19137,Lenovo Thinkpad T490,NEXTHOPE,0,786471.00,1.00,,,True
19138,Lenovo ThinkPad E490,NEXTHOPE,0,576708.00,1.00,,,True
19139,Lenovo ThinkPad T14 Gen2i,NEXTHOPE,0,1457529.00,1.00,,,True
19140,Lenovo Thinkpad T490,NEXTHOPE,0,786471.00,1.00,,,True
19144,Digitus Adaptateur USB vers DSUB9  Mâle à Mâle,NEXTHOPE,0,77316.00,1.00,,,True
19145,Marshall Major V Bluetooth Noir,NEXTHOPE,0,487101.00,1.00,,,True
19146,Répéteur WiFi TP-LINK AC1200 Blanc,NEXTHOPE,0,118932.00,1.00,,,True
19148,Mini Projecteur Xming Q1 SE 1080P Full HD,NEXTHOPE,0,268800.00,1.00,,,True
19149,"Samsung Smart TV TQ65QN85D 4K QLED 65"" Noir",MANOOVA,0,5329680.00,1.00,,,True
19164,Beyerdynamic - DT 770 PRO 250,NEXTHOPE,0,565086.00,1.00,,,True
19165,Cordial - CCI 3 PR,NEXTHOPE,0,30316.00,1.00,,,True
19166,Cordial - EI 6 PR ELEMENTS,NEXTHOPE,0,23903.00,1.00,,,True
19167,Elixir - 19027 Optiweb 09/46 Custom Light,NEXTHOPE,0,58141.00,1.00,,,True
19168,Ernie Ball - 2148 Cordes Earthwood Phosphore Bronze Light 11-52,NEXTHOPE,0,34503.00,1.00,,,True
19169,Ernie Ball - 4039 Sangle Polypro pickholder Noir,NEXTHOPE,0,48760.00,1.00,,,True
19170,Ernie Ball - 4049 SANGLE POLYPRO BLEU MARINE ERNIE BALL,NEXTHOPE,0,28355.00,1.00,,,True
19171,Ernie Ball - 9601 Axis Silver,NEXTHOPE,0,60579.00,1.00,,,True
19172,Gator - GTR-FRETMUTESM-1BK,NEXTHOPE,0,25652.00,1.00,,,True
19173,Korg - Magnetune,NEXTHOPE,0,15912.00,1.00,,,True
19174,Mackie - HM-4,NEXTHOPE,0,155926.00,1.00,,,True
19175,Plugger - Adaptateur Mini Jack Femelle Stéréo - Jack Mâle Stéréo Easy,NEXTHOPE,0,5512.00,1.00,,,True
19176,Plugger Studio - Pop Filter,NEXTHOPE,0,41446.00,1.00,,,True
19177,Sennheiser - XSW IEM EK (A),NEXTHOPE,0,1309100.00,1.00,,,True
19178,Logitech USB H390 USB A,NEXTHOPE,0,104754.00,1.00,,,True
19179,JBL TWS Wave Flex 2 Noir,NEXTHOPE,0,243219.00,1.00,,,True
19181,Transcend Jetflash 790 32GB,NEXTHOPE,0,34527.00,1.00,,,True
19182,"Moniteur Konix Orion 27"" 280Hz",NEXTHOPE,0,841500.00,1.00,,,True
19186,NGS Webcam Express Cam 720p,NEXTHOPE,0,25500.00,1.00,,,True
19187,"NGS Sac Ginger Black 14""",NEXTHOPE,0,10200.00,1.00,,,True
19188,Bose SoundLink Flex (2e génération),NEXTHOPE,0,594966.00,1.00,,,True
19190,Lenovo Thinkpad T490s,NEXTHOPE,0,1272286.95,1.00,,,True
19191,Lenovo Thinkpad T490s,NEXTHOPE,0,912434.68,1.00,,,True
19192,Lenovo Thinkpad T490s,NEXTHOPE,0,880868.70,1.00,,,True
19193,Lenovo Thinkpad T490s,NEXTHOPE,0,836676.31,1.00,,,True
19194,Lenovo ThinkPad X13 Yoga Gen 1,NEXTHOPE,0,1771029.55,1.00,,,True
19195,Lenovo ThinkPad X13 Yoga Gen 1,NEXTHOPE,0,1771029.55,1.00,,,True
19196,Blackview Wave 8 Blue,NEXTHOPE,0,283866.00,1.00,,,True
19197,Blackview BV6200 Pro,NEXTHOPE,0,495465.00,1.00,,,True
19198,Blackview Wave 8 Black,NEXTHOPE,0,283866.00,1.00,,,True
19199,Blackview Wave 8 Purple,NEXTHOPE,0,283866.00,1.00,,,True
19200,Blackview Z10 Kids Blue,NEXTHOPE,0,144534.00,1.00,,,True
19201,Blackview Z10 Kids Pink,NEXTHOPE,0,144534.00,1.00,,,True
19202,CMF By Nothing Phone 1 Black,NEXTHOPE,0,936000.00,1.00,,,True
19203,Cooling case REDMAGIC 10 Pro,NEXTHOPE,0,57600.00,1.00,,,True
19204,Nothing Phone 2a Plus 6.7'' Gris,NEXTHOPE,0,1512000.00,1.00,,,True
19205,REDMAGIC 10 Pro 6.9'' Shadow,NEXTHOPE,0,2808000.00,1.00,,,True
19206,Screen protector REDMAGIC 10 Pro,NEXTHOPE,0,24000.00,1.00,,,True
19207,Blackview Tab A5 Kids Blue,NEXTHOPE,0,252909.00,1.00,,,True
19208,Blackview Tab A5 Kids Pink,NEXTHOPE,0,252909.00,1.00,,,True
19209,Pack REDMAGIC 10 Pro 6.9'' Shadow + Housse et cache écran,NEXTHOPE,0,2889600.00,1.00,,,True
19210,Lenovo Thinkpad T490s,NEXTHOPE,0,670650.00,1.00,,,True
19211,Lenovo Thinkpad T490,NEXTHOPE,0,670650.00,1.00,,,True
19212,Prise intelligente Tapo Wifi,NEXTHOPE,0,87874.00,1.00,,,True
19213,Lenovo ThinkPad E480,NEXTHOPE,0,540855.00,1.00,,,True
19215,Focusrite - Scarlett 2i2 Studio G4 Bundle,MANOOVA,0,1606700.00,1.00,,,True
19217,Câble Starlink V4 45m,DEVEA MADA,0,487018.00,1.00,,,True
19219,Adaptateur Hub NOVOO USB-C vers HDMI 8 en 1,NEXTHOPE,0,95241.00,1.00,,,True
19221,Dell Latitude 5310,NEXTHOPE,0,1320450.40,1.00,,,True
19222,Dell Latitude 5310,NEXTHOPE,0,1320450.40,1.00,,,True
19223,Dell Latitude 5310,NEXTHOPE,0,1255387.60,1.00,,,True
19226,Blackview Mega 2 Celestial Grey,NEXTHOPE,0,650400.00,1.00,,,True
19227,Gemini - GMU-HSL100,NEXTHOPE,0,261288.69,1.00,,,True
19228,Mipro - MU 53HN,NEXTHOPE,0,287604.28,1.00,,,True
19229,AKG - P120,NEXTHOPE,0,519315.68,1.00,,,True
19230,Audient - EVO 4,NEXTHOPE,0,548494.92,1.00,,,True
19231,Focusrite - Scarlett Solo Studio Pack G4,NEXTHOPE,0,1013592.15,1.00,,,True
19232,Focusrite - Scarlett Studio Pack G4,NEXTHOPE,0,1217154.23,1.00,,,True
19233,Mackie - ProFX12v3,NEXTHOPE,0,1368348.94,1.00,,,True
19234,Mackie - Thump GO,NEXTHOPE,0,1971856.01,1.00,,,True
19235,Presonus - Eris 3.5BT 2nd Gen (la paire),NEXTHOPE,0,649808.83,1.00,,,True
19236,Presonus - Eris 4.5BT 2nd Gen (la paire),NEXTHOPE,0,901396.04,1.00,,,True
19237,PreSonus HD9 Moniteur Casque de Studio,NEXTHOPE,0,298386.54,1.00,,,True
19238,Presonus - Studio 24 C,NEXTHOPE,0,650378.51,1.00,,,True
19239,Rode - NT2-A,NEXTHOPE,0,1750313.49,1.00,,,True
19240,Yamaha - MG10X,NEXTHOPE,0,979795.65,1.00,,,True
19241,Alesis - Nitro Pro Kit,NEXTHOPE,0,3518548.01,1.00,,,True
19242,Ibanez - SR305E-DOT Standard Deep Ocean Metallic,NEXTHOPE,0,1974868.56,1.00,,,True
19243,K&M - 17591 Wave 10,NEXTHOPE,0,64373.50,1.00,,,True
19244,D'Addario - PW-CT-17BK Eclipse Black,NEXTHOPE,0,45588.29,1.00,,,True
19245,RTX - MSN,NEXTHOPE,0,102907.64,1.00,,,True
19246,Yamaha - PSR-E283,NEXTHOPE,0,804069.24,1.00,,,True
19247,"Zildjian - Planet Z 18"" china",NEXTHOPE,0,531610.80,1.00,,,True
19248,Evans - BD20EMAD Peau de Grosse Caisse 20'' Simple Pli,NEXTHOPE,0,296577.18,1.00,,,True
19249,Evans - Peau de Grosse Caisse 22''. EQ4. Simple Pli. Muffler Interne Flottant. Transparent BD22GB4,NEXTHOPE,0,190295.23,1.00,,,True
19250,"Mapex - Venus 22"" 5F Copper Metallic",NEXTHOPE,0,3119868.27,1.00,,,True
19251,"Meinl - BCS141620 - Jeu de 3 cymbales BCS 14/16/20""",NEXTHOPE,0,971191.70,1.00,,,True
19252,Tama - Tama Stagestar 22 5-pcs Kit Black Night Sparkle,NEXTHOPE,0,3246345.60,1.00,,,True
19253,Tama - Tama Stagestar 20 5-pcs Kit Candy Red Sparkle,NEXTHOPE,0,3246345.60,1.00,,,True
19254,FBT Touring - MITUS 118FSA,NEXTHOPE,0,10296400.45,1.00,,,True
19256,"Klotz - Câble Greyhound XLR mâle/femelle, 10m",NEXTHOPE,0,86671.48,1.00,,,True
19257,"Klotz - Câble M1 Pro XLR mâle/femelle, 20m",NEXTHOPE,0,187899.00,1.00,,,True
19258,Mackie - DL32S,NEXTHOPE,0,4977044.28,1.00,,,True
19259,FBT Touring - MITUS 206LA,NEXTHOPE,0,6149732.09,1.00,,,True
19260,Austrian Audio - MiCreator Y-Lav,NEXTHOPE,0,225874.07,1.00,,,True
19261,K&M - 211 40B perche télescopique,NEXTHOPE,0,111974.70,1.00,,,True
19262,Boss - Katana 50 Gen 3,NEXTHOPE,0,1626219.75,1.00,,,True
19263,Shure - MX412D N,NEXTHOPE,0,1519291.75,1.00,,,True
19264,Shure - R185B,NEXTHOPE,0,328450.16,1.00,,,True
19267,Console Sony PS5 Edition Standard Chassis D + AstroBot,NEXTHOPE,0,2314992.00,1.00,,,True
19268,Console Sony PS5 Edition Standard Chassis C (Reconditionné),NEXTHOPE,0,1713192.00,1.00,,,True
19274,FBT Touring - MTS 206,NEXTHOPE,0,1154582.78,1.00,,,True
19275,"Lenovo Thinkbook 16"" U7-155H",SUPERDIST SARL,0,3400000.00,1.00,,,True
19276,"Moniteur Iiyama Prolite XU2491H-B1 24""",NEXTHOPE,0,518842.93,1.00,,,True
19277,Moniteur Lenovo Thinkvision S27i-30,SUPERDIST SARL,0,756000.00,1.00,,,True
19277,Moniteur Lenovo Thinkvision S27i-30,NEXTHOPE,0,506892.00,1.00,,,False
19278,TP-Link TL-SG108 Switch de bureau 8 ports Gigabit,NEXTHOPE,0,84323.00,1.00,,,True
19279,Kingston 3.2 256 GB Data Traveler Exodia M,NEXTHOPE,0,79553.00,1.00,,,True
19284,Concentrateur USB 2.0 Hub 7 Ports,NEXTHOPE,0,53954.00,1.00,,,True
19285,Yamaha - PSR-E383,NEXTHOPE,0,1136404.66,1.00,,,True
19288,Blackview Tab 18 Blue,NEXTHOPE,0,801118.69,1.00,,,True
19289,Blackview Shark 9,NEXTHOPE,0,653663.53,1.00,,,True
19292,Blackview Airbuds 12 Noir,NEXTHOPE,0,61089.66,1.00,,,True
19293,Blackview Airbuds 12 Blanc,NEXTHOPE,0,61089.66,1.00,,,True
19294,Microsoft Windows 11 Professionel (E-delivery),NEXTHOPE,0,53000.00,1.00,,,True
19295,Blackview W60 Khaki,NEXTHOPE,0,104082.66,1.00,,,True
19296,Blackview Tab 18 Grey,NEXTHOPE,0,801118.69,1.00,,,True
19300,AKG WMS 40 Mini Earmic ISM2,NEXTHOPE,0,848000.00,1.00,,,True
19304,Projecteur Epson  EB-W06 3700 lumens,SUPERDIST SARL,1,2713600.00,0.00,,,True
19309,JBL PartyLight Stick,NEXTHOPE,0,432518.86,1.00,,,True
19310,JBL Partylight Beam,NEXTHOPE,0,555937.02,1.00,,,True
19311,Lenovo Thinkpad T490s,NEXTHOPE,0,931740.00,1.00,,,True
19312,Lenovo Thinkpad T490s,NEXTHOPE,0,931740.00,1.00,,,True
19313,Lenovo Thinkpad T490s,NEXTHOPE,0,931740.00,1.00,,,True
19314,Kit anti-délestage 1000VA 24V batteries 38Ah*2,POWER TECHNOLOGY,0,1000000.00,1.00,,,True
19315,Kit anti-délestage 5000VA 48V batteries 100Ah*4,POWER TECHNOLOGY,0,4180000.00,1.00,,,True
19316,HP Desktop Pro Tower 290 G9 + P22v,DEVEA MADA,0,2171000.00,1.00,,,True
19317,HP Desktop Pro Tower 290 G9 + P22v,DEVEA MADA,0,2234600.00,1.00,,,True
19318,Moniteur Samsung LS22C310EAUXEN 22'',DEVEA MADA,0,560000.00,1.00,,,True
19319,Kit anti-délestage 1000VA 24V batteries 100Ah*2,POWER TECHNOLOGY,0,2200000.00,1.00,,,True
19320,Pochette de transport pour Nintendo Switch 2 + PROTEC ECRAN,NEXTHOPE,0,102502.00,1.00,,,True
19321,Mario Kart World Nintendo Switch 2,NEXTHOPE,0,362414.00,1.00,,,True
19322,Nintendo Switch 2 Joy-Con Paire Bleu et Rouge clair,NEXTHOPE,0,368986.00,1.00,,,True
19323,Adaptateur Secteur Nintendo Switch 2,NEXTHOPE,0,123013.00,1.00,,,True
19324,Caméra Nintendo Switch 2,NEXTHOPE,0,245973.00,1.00,,,True
19325,Manette Pro Nintendo Switch 2,NEXTHOPE,0,368986.00,1.00,,,True
19326,The Legend of Zelda Breath of the Wild Nintendo Switch 2,NEXTHOPE,0,322293.00,1.00,,,True
19327,The Legend of Zelda : Tears Of The Kingdom Nintendo Switch 2,NEXTHOPE,0,322293.00,1.00,,,True
19328,Caméra Nintendo Switch 2 Plante Piranha,NEXTHOPE,0,163982.00,1.00,,,True
19329,Street Fighter 6 years 1-2 Nintendo Switch 2 VF,NEXTHOPE,0,241574.00,1.00,,,True
19330,Braveky default flying fairy HD Nintendo Switch 2,NEXTHOPE,0,160908.00,1.00,,,True
19331,Console Nintendo Switch 2 + Mario Kart World,NEXTHOPE,0,2240575.00,1.00,,,True
19332,Console Nintendo Switch 2,NEXTHOPE,0,2065092.00,1.00,,,True
19333,AC25,NEXTHOPE,0,1099110.05,1.00,,,True
19334,Manette sans fil Turtle Beach Stealth Pivot,NEXTHOPE,0,422500.00,1.00,,,True
19335,Squier Affinity Tele Olympic White,NEXTHOPE,0,1472213.43,1.00,,,True
19336,Fender CN-140SCE Thinline Black,NEXTHOPE,0,2388740.22,1.00,,,True
19337,Yamaha C40,NEXTHOPE,0,813783.53,1.00,,,True
19338,Marshall AS50D,NEXTHOPE,0,1450851.15,1.00,,,True
19339,Larry Carlton L7 TBL,NEXTHOPE,0,3540197.39,1.00,,,True
19340,Sacoche Konix pour Nintendo Switch 2,NEXTHOPE,0,77948.00,1.00,,,True
19341,"Pro snake Câbles de Patch Jack 0,15 m",NEXTHOPE,0,22221.70,1.00,,,True
19342,Starter Kit Konix Switch 2,NEXTHOPE,0,52000.00,1.00,,,True
19344,Kit de protection d'écran 9H pour Nintendo Switch 2,NEXTHOPE,0,13000.00,1.00,,,True
19346,Ecouteurs Energy Sistem Sport 1+ Bluetooth Noir,NEXTHOPE,0,63492.00,1.00,,,True
19347,Ecouteurs Energy Sistem Sport 1+ Bluetooth Blanc,NEXTHOPE,0,63492.00,1.00,,,True
19348,NGS Souris ergonomique sans fil Evo Moksha,NEXTHOPE,0,73840.00,1.00,,,True
19349,NGS Souris ergonomique Gris,NEXTHOPE,0,21476.00,1.00,,,True
19350,NGS Souris sans fil Recharge Multimode Shell,NEXTHOPE,0,64220.00,1.00,,,True
19351,NGS Souris sans fil NGS Fog Pro Bleu,NEXTHOPE,0,20176.00,1.00,,,True
19352,Ernie Ball Fretwrap SM 9612,NEXTHOPE,0,92727.19,1.00,,,True
19353,Hotone MP-80 Ampero One,NEXTHOPE,0,1238146.70,1.00,,,True
19354,Daddario EXL220,NEXTHOPE,0,111381.31,1.00,,,True
19355,AirZone 5.8Ghz Instrument,NEXTHOPE,0,272685.37,1.00,,,True
19356,InTune Tension Capo,NEXTHOPE,0,62039.48,1.00,,,True
19357,Pop1,NEXTHOPE,0,63344.76,1.00,,,True
19358,Batterie électronique Millenium NonaPad,NEXTHOPE,0,1392424.06,1.00,,,True
19359,Fauteuil gaming Konix Omega,NEXTHOPE,0,647769.01,1.00,,,True
19360,Crucial P310 500Go SSD M2 NVME 2280,NEXTHOPE,0,195305.00,1.00,,,True
19361,Marshall Willen II Noir et Laiton,NEXTHOPE,0,462418.85,1.00,,,True
19362,JBL Charge 6 Noir,NEXTHOPE,0,778111.09,1.00,,,True
19363,JBL Charge 6 Bleu,NEXTHOPE,0,778111.09,1.00,,,True
19364,JBL Charge 6 Squad,NEXTHOPE,0,778111.09,1.00,,,True
19365,Batterie 400 pour Partybox Stage 320,NEXTHOPE,0,420339.53,1.00,,,True
19366,Housse Partybox 120,NEXTHOPE,0,196147.78,1.00,,,True
19367,Housse Partybox 320,NEXTHOPE,0,235209.63,1.00,,,True
19368,JBL PartyBox Encore 2 avec Micro,NEXTHOPE,0,1633200.07,1.00,,,True
19369,JBL Partybox Club 120 Blanc,NEXTHOPE,0,1890689.38,1.00,,,True
19370,JBL PARTYBOX STAGE 320 Blanc,NEXTHOPE,0,2827060.29,1.00,,,True
19371,Harman Kardon Onyx Studio 9 Noir,NEXTHOPE,0,989264.32,1.00,,,True
19372,"Jabra Evolve 20 UC Stereo UC, USB C/A adapter",NEXTHOPE,0,180200.00,1.00,,,True
19373,JBL Tune 520 Filaire Bleu,NEXTHOPE,0,112519.00,1.00,,,True
19374,JBL Flip 7 Bluetooth Noir,NEXTHOPE,0,454422.00,1.00,,,True
19375,JBL Flip 7 Bluetooth Bleu,NEXTHOPE,0,454422.00,1.00,,,True
19376,JBL TWS Tune Beam 2 Noir,NEXTHOPE,0,294309.00,1.00,,,True
19377,JBL TWS Tune Beam 2 Blanc,NEXTHOPE,0,294309.00,1.00,,,True
19378,JBL Tune 520 Filaire Noir,NEXTHOPE,0,112519.00,1.00,,,True
19395,Epson EcoTank L11050,SUPERDIST SARL,0,2133900.00,1.00,,,True
19396,TP-Link TL-SG1016D Switch de bureau 16 ports Gigabit,NEXTHOPE,0,234525.00,1.00,,,True
19397,Caméra d'action Insta360 x5 8K,NEXTHOPE,0,2473298.00,1.00,,,True
19398,Rame Papier A4 AONE,CHANDARANA,0,16666.67,1.00,,,True
19399,Caméra d'action Insta360 Ace pro,NEXTHOPE,0,1457447.00,1.00,,,True
19400,Bose QuietComfort SC Noir,NEXTHOPE,0,750798.00,1.00,,,True
19401,Casque VR Meta Quest 3S 128 Go Blanc,NEXTHOPE,0,1236596.00,1.00,,,True
19402,Nanoleaf kit de démarrage blocks 10 carrés,NEXTHOPE,0,876673.00,1.00,,,True
19403,Powerbank Anker Zolo 10.000mAh 30W Noir,NEXTHOPE,0,229066.00,1.00,,,True
19404,Powerbank Anker Zolo 25.000mAh 100W Noir,NEXTHOPE,0,331197.00,1.00,,,True
19405,HP 250 G10,DEVEA MADA,0,2352000.00,1.00,,,True
19406,HP 250 G10,DEVEA MADA,0,2352000.00,1.00,,,True
19408,Allen & Heath - ZED-10FX,NEXTHOPE,0,1373989.16,1.00,,,True
19409,Cordial - CCI 6 PR,NEXTHOPE,0,52922.96,1.00,,,True
19411,EI 1.5 PR ELEMENTS Cordial,NEXTHOPE,0,22999.58,1.00,,,True
19412,JBL - LSR 305P MKII (la pièce),NEXTHOPE,0,781270.01,1.00,,,True
19413,NT1 Signature Black Rode,NEXTHOPE,0,870332.67,1.00,,,True
19414,RTX - MDX,NEXTHOPE,0,132036.57,1.00,,,True
19415,SE Electronics - Reflexion Filter X (RF-X),NEXTHOPE,0,475980.44,1.00,,,True
19416,Universal Audio - Volt 2 USB Recording Studio,NEXTHOPE,0,913451.16,1.00,,,True
19417,Vibra 150CW électro Natural EKO,NEXTHOPE,0,841980.01,1.00,,,True
19418,Elixir 11052 Nanoweb 12/53 Light,NEXTHOPE,0,76049.60,1.00,,,True
19419,"Ernie Ball 2007 Earthwood 80/20 Bronze Custom Light 11,5-54",NEXTHOPE,0,32544.82,1.00,,,True
19420,Ernie Ball - CORDES SLINKY ACOUSTIC 10-52,NEXTHOPE,0,39097.84,1.00,,,True
19421,LAG - Tramontane T70ACE-NAT Auditorium Cutaway Électro Naturelle,NEXTHOPE,0,1510411.44,1.00,,,True
19422,Mighty Air NUX,NEXTHOPE,0,827806.33,1.00,,,True
19423,"Pearl Export Fusion 20"" Smokey Chrome EXX705N/21",NEXTHOPE,0,5206439.84,1.00,,,True
19424,X5GN RTX,NEXTHOPE,0,209451.68,1.00,,,True
19425,StingRay RAY5 Black Sterling by Music M,NEXTHOPE,0,2562323.26,1.00,,,True
19426,EMAD Heavyweight 22 Evans,NEXTHOPE,0,315964.11,1.00,,,True
19427,Cort - CEC1 Natural Open Pore,NEXTHOPE,0,1287754.47,1.00,,,True
19428,PW-CT-9VF D'Addario - Adaptateur secteur 9 V,NEXTHOPE,0,57505.09,1.00,,,True
19429,"SoundOff Fusion Evans - Pack (10"" + 12"" + 14"" + 14"")",NEXTHOPE,0,209695.41,1.00,,,True
19430,Ibanez - GRG131DX-BKF,NEXTHOPE,0,1172219.27,1.00,,,True
19431,Ibanez - GRGR221PA RG Gio Aqua Burst,NEXTHOPE,0,1353675.31,1.00,,,True
19432,Ibanez - SR305EB-WK,NEXTHOPE,0,2012111.87,1.00,,,True
19433,"Venus 22"" 5F Steel Blue Metallic Mapex",NEXTHOPE,0,2993304.41,1.00,,,True
19434,Stagg - TAB2BK,NEXTHOPE,0,69073.86,1.00,,,True
19435,HDMI MicroConnect Mâle Mâle 4K 2m Noir,NEXTHOPE,0,14575.00,1.00,,,True
19436,HDMI MicroConnect Mâle Mâle 4K 1m Noir,NEXTHOPE,0,11925.00,1.00,,,True
19437,HDMI MicroConnect Mâle Mâle 4K 3m Noir,NEXTHOPE,0,16324.00,1.00,,,True
19438,HDMI MicroConnect Mâle Mâle 4K 5m Noir,NEXTHOPE,0,30263.00,1.00,,,True
19439,HDMI MicroConnect Mâle Mâle 4K 10m Noir,NEXTHOPE,0,87397.00,1.00,,,True
19440,Fender - Rumble 25 V3 Black/Silver,NEXTHOPE,0,973427.35,1.00,,,True
19441,Fender - FA-115 Dreadnought Pack Natural WLNT,NEXTHOPE,0,844816.22,1.00,,,True
19442,Squier - Precision Bass Affinity MN PJ Olympic White,NEXTHOPE,0,1387483.29,1.00,,,True
19443,Squier - Jazz Bass V Affinity Lrl Sunburst,NEXTHOPE,0,1593423.19,1.00,,,True
19444,Ibanez - RG470DX-SFM Seafoam Green Matte,NEXTHOPE,0,2716800.90,1.00,,,True
19445,Squier Affinity Series Stratocaster FMT HSS (MN) - black burst,NEXTHOPE,0,1392676.88,1.00,,,True
19446,Station de charge Ecoflow Delta 2 1800 W Noir,NEXTHOPE,0,3709511.60,1.00,,,True
19447,Panneau solaire Ecoflow portable 160W pour centrale électrique,NEXTHOPE,0,1568501.52,1.00,,,True
19448,Tapis Playseat - XL,NEXTHOPE,0,232418.35,1.00,,,True
19449,Playseat Challenge X - Logitech G Edition,NEXTHOPE,0,1582129.27,1.00,,,True
19450,Playseat Challenge ActiFit,NEXTHOPE,0,1265726.28,1.00,,,True
19451,"Moniteur Dell SE2725HM 27"" FHD",NEXTHOPE,0,698122.74,1.00,,,True
19452,"Moniteur Iiyama Prolite XU2793HS-B7 27""",NEXTHOPE,0,695450.53,1.00,,,True
19454,RODE - AI-1,NEXTHOPE,0,695226.47,1.00,,,True
19455,Pack Station de charge Ecoflow Delta 2 1800 W + Panneau Solaire 220W,NEXTHOPE,0,6425559.47,1.00,,,True
19456,Pack station de charge Ecoflow River 2 Max 1000 W + Panneau 160W,NEXTHOPE,0,3614542.08,1.00,,,True
19458,Manette filaire Turtle Beach Rematch Core Camouflage Noir,NEXTHOPE,0,115858.00,1.00,,,True
19459,Assassin's Creed Shadows PS5 VF,NEXTHOPE,0,312647.00,1.00,,,True
19460,Manette filaire Turtle Beach Rematch Core Camouflage Noir Ora,NEXTHOPE,0,115858.00,1.00,,,True
19461,F1 2025 PS5 VF,NEXTHOPE,0,316569.00,1.00,,,True
19462,Housse Konix pour Nintendo Switch 2,NEXTHOPE,0,39697.00,1.00,,,True
19463,Manette Filaire Turtle Beach Afterglow Wave Violet,NEXTHOPE,0,149036.00,1.00,,,True
19464,Manette Filaire Turtle Beach Afterglow Wave Noir,NEXTHOPE,0,149036.00,1.00,,,True
19465,Housse Konix One piece pour Nintendo Switch 2,NEXTHOPE,0,57399.00,1.00,,,True
19466,Konix Mythics Verre Trempé Anti Blue Light pour Nintendo Switch 2,NEXTHOPE,0,18550.00,1.00,,,True
19467,Câble Konix HDMI 2.1 pour Nintendo switch 2,NEXTHOPE,0,26500.00,1.00,,,True
19468,Manette Filaire Turtle Beach Afterglow Wave Bleu,NEXTHOPE,0,149036.00,1.00,,,True
19469,Sandisk Micro SDXC Express 256GB pour Nintendo Switch 2,NEXTHOPE,0,227794.00,1.00,,,True
19471,Super Mario Party Jamboree +Jamboree TV Switch 2 VF,NEXTHOPE,0,322293.00,1.00,,,True
19472,Donkey Kong Bananza Nintendo Switch 2 VF,NEXTHOPE,0,322293.00,1.00,,,True
19473,Silicone Skin Konix Noir Nintendo Switch 2,NEXTHOPE,0,26500.00,1.00,,,True
19474,Sacoche de transport Naruto pour Nintendo Switch 2,NEXTHOPE,0,57399.00,1.00,,,True
19475,JBL Tune 205 Silver,NEXTHOPE,0,56233.00,1.00,,,True
19476,JBL Clip 5 Rose,NEXTHOPE,0,212053.00,1.00,,,True
19477,Pack REDMAGIC 10S Pro 6.85'' Nightfall + Housse et cache écran,NEXTHOPE,0,2769200.00,1.00,,,True
19478,Blackview R30 Pro Pink,NEXTHOPE,0,49450.00,1.00,,,True
19479,Blackview MP100 Pro mini PC,NEXTHOPE,0,1092362.00,1.00,,,True
19481,"MSI Thin 15 B13UC-3024FR 15,6''",NEXTHOPE,0,3615819.00,1.00,,,True
19482,"MSI Gaming Cyborg 15 AI A1VE-004FR 15,6""",NEXTHOPE,0,5249544.00,1.00,,,True
19483,JBL PARTYBOX 520 Noir,NEXTHOPE,0,3697046.32,1.00,,,True
19484,"Dell Latitude 5450 14""",NEXTHOPE,0,0.00,1.00,,,True
19485,"Asus ExpertBook P1 Intel Core i5-13420H 15.6""",CLINIC INFO DISTRIBUTION,0,2620000.00,1.00,,,True
19486,Gator - GBE- HOUSSE GUITARE ELECTRIQUE,NEXTHOPE,0,153533.72,1.00,,,True
19487,"Pearl - Roadshow + Jet Black Rock 22"" 5 Fûts + Tabouret + Cymbales Sabian Solar 3 cymbales",NEXTHOPE,0,3791468.34,1.00,,,True
19488,Tobago - AGB20C Guitare Classique,NEXTHOPE,0,102133.92,1.00,,,True
19489,"Asus ExpertBook B1 Intel Core i7 15.6""",CLINIC INFO DISTRIBUTION,0,3160000.00,1.00,,,True
19490,Lenovo V15 G4 IRU 15.6'',CLINIC INFO DISTRIBUTION,0,2560000.00,1.00,,,True
19491,"HP ProBook 460 G11 16""",DEVEA MADA,0,4020600.00,1.00,,,True
19492,"HP ProBook 460 G11 16""",DEVEA MADA,0,3957000.00,1.00,,,True
19493,"HP Sebastian 23C1 AR2C9EA 15,6""",DEVEA MADA,0,3841600.00,1.00,,,True
19494,"HP Sebastian 23C1 AR2C8EA 15,6""",DEVEA MADA,0,2869600.00,1.00,,,True
19495,"HP Sebastian 23C1 AR2C8EA 15,6""",DEVEA MADA,0,2806000.00,1.00,,,True
19496,"HP Sebastian 23C1 AR2C9EA 15,6""",DEVEA MADA,0,3778000.00,1.00,,,True
19497,Dell Latitude 5310,NEXTHOPE,0,893000.00,1.00,,,True
19498,Dell Latitude 5310,NEXTHOPE,0,893000.00,1.00,,,True
19500,Câble VGA MCL Samar HD15 2m,NEXTHOPE,0,14045.00,1.00,,,True
19501,Lenovo Thinkpad T490,NEXTHOPE,0,916500.00,1.00,,,True
19502,Lenovo Thinkpad T490,NEXTHOPE,0,737900.00,1.00,,,True
19503,Lenovo Thinkpad T490,NEXTHOPE,0,737900.00,1.00,,,True
19505,Dell Latitude 5410,NEXTHOPE,0,813100.00,1.00,,,True
19508,"Asus ExpertBook P1 P1503CVA-S61051 15.6""",CLINIC INFO DISTRIBUTION,0,2683600.00,1.00,,,True
19509,"Asus ExpertBook B1 Intel Core i7 15.6""",CLINIC INFO DISTRIBUTION,0,3223600.00,1.00,,,True
19511,Dell Latitude 5310,NEXTHOPE,0,893000.00,1.00,,,True
19512,HikVision Caméra NK42E0H-1T(WD) + 4CAM,R2S,0,914508.00,1.00,,,True
19513,HikVision Kit alarme anti intrusion DS-PWA64-Kit-WB AX PRO Kit,R2S,0,533790.00,1.00,,,True
19514,HikVision Détecteur de mouvement DS-PDP15P-EG2-WB(B),R2S,0,101790.00,1.00,,,True
19516,HikVision Détecteur de mouvement avec caméra DS-PDPC12P-EG2-WB(B),R2S,0,263160.00,1.00,,,True
19517,Lenovo Thinkpad T490,NEXTHOPE,0,737900.00,1.00,,,True
19518,Dell Latitude 5410,NEXTHOPE,0,813100.00,1.00,,,True
19519,Dell Latitude 5410,NEXTHOPE,0,813100.00,1.00,,,True
19520,Lenovo Thinkpad T490,NEXTHOPE,0,737900.00,1.00,,,True
19521,Cable Belkin USB-C vers Lightning pour iPhone-iPad Blanc 1 m,NEXTHOPE,0,84136.00,1.00,,,True
19522,Chargeur BERLS 25W USB-C to Lightning Blanc,NEXTHOPE,0,40404.00,1.00,,,True
19523,Console Nintendo Switch 2 + Jeu Légendes Pokémon,NEXTHOPE,0,2075798.00,1.00,,,True
19524,"Moniteur Samsung 24"" Incurvé FHD S36GD",NEXTHOPE,0,533187.55,1.00,,,True
19525,"Moniteur Iiyama ProLite XU2493HS-B6 24""",NEXTHOPE,0,561211.43,1.00,,,True
19526,"Moniteur Samsung LS27D390GAUXEN Incurvé FHD 27""",NEXTHOPE,0,699852.64,1.00,,,True
19527,"Moniteur Lenovo C27-40 27"" Noir",NEXTHOPE,0,660583.67,1.00,,,True
19528,BoomTone DJ - C1 Pince Micro à Ressort,NEXTHOPE,0,8384.52,1.00,,,True
19529,Focusrite - Scarlett 2I2 G4,NEXTHOPE,0,802151.74,1.00,,,True
19530,Korg - Kross 2 88 MB,NEXTHOPE,0,5629763.99,1.00,,,True
19531,Gemini - DJX-500,NEXTHOPE,0,148683.37,1.00,,,True
19532,BoomTone DJ - Hazer Fluid High Tech 5L,NEXTHOPE,0,180542.75,1.00,,,True
19533,Mac Mah - AS 812 Sub,NEXTHOPE,0,1609931.07,1.00,,,True
19534,Mac Mah - AS 815 Sub,NEXTHOPE,0,2004071.77,1.00,,,True
19535,Plugger - Adaptateur Jack Femelle Mono - Mini Jack Mâle Mono Easy,NEXTHOPE,0,8506.05,1.00,,,True
19536,Plugger - Câble Jack Mâle Stéréo - Jack Mâle Stéréo 6m Easy,NEXTHOPE,0,43142.01,1.00,,,True
19537,Plugger - Câble XLR femelle 3b - Jack mâle stéréo 10m Elite,NEXTHOPE,0,109912.58,1.00,,,True
19538,Plugger - Câble XLR femelle - Jack mâle stéréo 6m Easy,NEXTHOPE,0,36584.21,1.00,,,True
19539,Plugger - Câble XLR femelle 3b - XLR mâle 3b 30m Easy,NEXTHOPE,0,114503.04,1.00,,,True
19540,Plugger - Câble Y Jack mâle stéréo - Jack mâle Mono 3m Easy,NEXTHOPE,0,23320.16,1.00,,,True
19541,Plugger - Câble Y Jack Mâle Stéréo - RCA Mâle 3m Easy,NEXTHOPE,0,24631.72,1.00,,,True
19542,Behringer - X AIR XR16,NEXTHOPE,0,1708740.27,1.00,,,True
19543,Definitive Audio - TM 22 BU-DSP,NEXTHOPE,0,346405.66,1.00,,,True
19544,Focal - Pack Alpha 50 Evo (la paire),NEXTHOPE,0,2158174.10,1.00,,,True
19545,Focusrite - Scarlett 4I4 G4,NEXTHOPE,0,1268688.05,1.00,,,True
19546,Numark - Mixtrack Platinum FX,NEXTHOPE,0,1185497.96,1.00,,,True
19547,Pioneer DJ - HDJ-X5 K,NEXTHOPE,0,466743.03,1.00,,,True
19548,Pioneer DJ - HDJ-X5 S,NEXTHOPE,0,488605.22,1.00,,,True
19549,Rode - NT-USB+,NEXTHOPE,0,808849.59,1.00,,,True
19550,Shure - SM 57,NEXTHOPE,0,550740.87,1.00,,,True
19551,EKO - Capodastre All-Around Noir,NEXTHOPE,0,59322.93,1.00,,,True
19552,AKG - Drum Set Session 1,NEXTHOPE,0,1928318.79,1.00,,,True
19553,Dunlop - 6554 HUILE DE CITRON,NEXTHOPE,0,41439.09,1.00,,,True
19554,Takamine - GX11ME-NS,NEXTHOPE,0,1696327.99,1.00,,,True
19555,Vic Firth - SB Balais Split Brush,NEXTHOPE,0,204009.78,1.00,,,True
19556,Cordial - CES 01,NEXTHOPE,0,236531.40,1.00,,,True
19557,Novation - Launchkey 37 MK3,NEXTHOPE,0,836016.38,1.00,,,True
19558,Tanga - Shakers œufs en bois jaune,NEXTHOPE,0,22357.01,1.00,,,True
19559,Valencia - VC564CE Electro Natural,NEXTHOPE,0,859787.60,1.00,,,True
19560,LD SYSTEMS - MON 101 A G2 Stinger,NEXTHOPE,0,2104627.52,1.00,,,True
19561,Audio Technica - ATH-R50x,NEXTHOPE,0,672464.00,1.00,,,True
19562,"Cordial - CPM FM 234 7,5m",NEXTHOPE,0,103403.00,1.00,,,True
19563,Gravity - Accessoires pieds de micro MA T TH 01,NEXTHOPE,0,93386.00,1.00,,,True
19564,Presonus - HP4,NEXTHOPE,0,528887.00,1.00,,,True
19565,Samson - R21S,NEXTHOPE,0,94764.00,1.00,,,True
19566,Sennheiser - XSW 1-825 Dual E,NEXTHOPE,0,2256263.00,1.00,,,True
19567,Warm Audio - WA-47jr,NEXTHOPE,0,1172519.00,1.00,,,True
19568,IK Multimédia - iRig USB,NEXTHOPE,0,242104.00,1.00,,,True
19569,Ibanez - AEG50 IBH Indigo Blue Burst High Gloss,NEXTHOPE,0,1078550.00,1.00,,,True
19570,Ibanez - GSA60 WNF BUNDLE - 1 GSA60 WNF - 1 IGB101,NEXTHOPE,0,1019932.00,1.00,,,True
19571,Ibanez - Basse électrique SR305EDX CZM,NEXTHOPE,0,1990627.00,1.00,,,True
19572,Stagg - EVN44 MBL,NEXTHOPE,0,747724.00,1.00,,,True
19573,Stagg - Multipaire 15m 8 XLR F / 8 XLR M,NEXTHOPE,0,325950.00,1.00,,,True
19574,Elokance - e15A,NEXTHOPE,0,2340891.32,1.00,,,True
19575,Shure - Pack SM7B + Poscast Arm + Câble,NEXTHOPE,0,2064870.01,1.00,,,True
19577,JBL Boombox 4 Camouflage,NEXTHOPE,0,2016057.61,1.00,,,True
19578,JBL Flip 7 Bluetooth Camouflage,NEXTHOPE,0,440536.00,1.00,,,True
19579,K&M - 259-1 Pied micro grosse caisse,NEXTHOPE,0,235039.10,1.00,,,True
19580,Gravity - Siège de batterie FD SEAT 1,NEXTHOPE,0,419561.83,1.00,,,True
19581,Markbass - CMB 121 Black Line,NEXTHOPE,0,2159573.65,1.00,,,True
20429,"HP ProBook 465 G11 16""",NEXTHOPE,0,3793651.58,1.00,,,True
20430,RTX - G3NX,NEXTHOPE,0,132288.00,1.00,,,True
20436,Coussinets d'oreille en mousse pour casque AKG K52 K72 K92 K240,NEXTHOPE,0,31842.40,1.00,,,True
20437,AKG - K72,NEXTHOPE,0,195464.00,1.00,,,True
20438,Audio Technica - AT2040USB,NEXTHOPE,0,585756.00,1.00,,,True
20439,Jabra Evolve 20 Special Edition Stereo UC,NEXTHOPE,0,167957.00,1.00,,,True
20440,Microsoft Surface Souris Arc sans fil,NEXTHOPE,0,326798.00,1.00,,,True
20441,EA Sport FC 26 Standard Nintendo Switch VF,NEXTHOPE,0,237440.00,1.00,,,True
20442,EA Sport FC 26 Standard PS4 VF,NEXTHOPE,0,316569.00,1.00,,,True
20443,EA Sport FC 26 Standard PS5 VF,NEXTHOPE,0,316569.00,1.00,,,True
20444,EA Sport FC 26 Standard Nintendo Switch 2 VF,NEXTHOPE,0,276925.00,1.00,,,True
20445,NBA 2K26 Nintendo Switch VF,NEXTHOPE,0,210092.00,1.00,,,True
20446,Ninja Gaiden Ragebound Nintendo Switch VF,NEXTHOPE,0,28.66,1.00,,,True
20447,Ninja Gaiden 4 Standard PS5 VF,NEXTHOPE,0,282861.00,1.00,,,True
20448,Vampire Bloodline 2 Day One Edition PS5 VF,NEXTHOPE,0,216187.00,1.00,,,True
20449,Battlefield 6 PS5 VF,NEXTHOPE,0,316569.00,1.00,,,True
20450,Ninja Gaiden Ragebound PS5 VF,NEXTHOPE,0,151898.00,1.00,,,True
20451,Call Of Duty Black Ops 7 PS5,NEXTHOPE,0,323247.00,1.00,,,True
20452,Call Of Duty Black Ops 7 PS4,NEXTHOPE,0,323247.00,1.00,,,True
20454,Borderlands 4 PS5 VF,NEXTHOPE,0,280105.00,1.00,,,True
20456,EA Sport FC 26 Xbox Series X VF,NEXTHOPE,0,329766.00,1.00,,,True
20457,NBA 2K26 PS4 VF,NEXTHOPE,0,291765.00,1.00,,,True
20458,NBA 2K26 Nintendo Switch 2 VF,NEXTHOPE,0,280105.00,1.00,,,True
20459,Dagon Ball Z Kakarot DAIMA ED P5 VF,NEXTHOPE,0,206011.00,1.00,,,True
20460,NBA 2K26 PS5 VF,NEXTHOPE,0,280105.00,1.00,,,True
20461,Clair Obscur : Expedition 33 PS5,NEXTHOPE,0,206011.00,1.00,,,True
20462,Mafia the old country P5 VF,NEXTHOPE,0,182373.00,1.00,,,True
20463,WUCHANG: Fallen Feathers - Édition Day One (PS5),NEXTHOPE,0,189952.00,1.00,,,True
20464,Garfield Kart 2 PS5 VF,NEXTHOPE,0,146598.00,1.00,,,True
20465,Garfield Kart 2 Nintendo Switch VF,NEXTHOPE,0,152693.00,1.00,,,True
20466,Tomb Raider IV-VI Remastered Starring Lara Croft PS5 VF,NEXTHOPE,0,123702.00,1.00,,,True
20467,Tomb Raider IV-VI Remastered Starring Lara Croft Nintendo Switch,NEXTHOPE,0,123702.00,1.00,,,True
20468,Stitch - Étui de protection Switch 2,NEXTHOPE,0,57399.00,1.00,,,True
20469,Légendes Pokémon : Z-A - Nintendo Switch 2 Edition (NINTENDO SWITCH 2),NEXTHOPE,0,293408.00,1.00,,,True
20470,Légendes Pokémon : Z-A (SWITCH),NEXTHOPE,0,251644.00,1.00,,,True
20471,Govee LED Strip Light RGB Smart WIFI+BT,NEXTHOPE,0,95347.00,1.00,,,True
20472,Astérix et Obélix Mission Babylone PS5 VF,NEXTHOPE,0,183327.00,1.00,,,True
20473,Astérix et Obélix Mission Babylone Nintendo Switch VF,NEXTHOPE,0,183327.00,1.00,,,True
20474,Dragon Ball Sparking Zero Nintendo Switch VF,NEXTHOPE,0,52.25,1.00,,,True
20475,Jurassic World Evolution 3 PS5 VF,NEXTHOPE,0,227953.00,1.00,,,True
20476,Dora Exploratrice Sauvetage Nintendo Switch VF,NEXTHOPE,0,164724.00,1.00,,,True
20478,Marshall Minor IV Noir,NEXTHOPE,0,441225.00,1.00,,,True
20481,Powerbank Anker 10.000 mAh  65W Noir,NEXTHOPE,0,83846.00,1.00,,,True
20483,Bose Quietcomfort earbuds Noir,NEXTHOPE,0,573937.00,1.00,,,True
20484,Powerbank Anker 20.000 mAh 87W Noir,NEXTHOPE,0,158947.00,1.00,,,True
20485,Anker MagGo Chargeur induction iPhone 3 en 1 Magsafe 15W Noir,NEXTHOPE,0,525018.00,1.00,,,True
20487,"MSI Gaming Cyborg 15 A13VFK-1691FR 15,6""",NEXTHOPE,0,3528899.00,1.00,,,True
20488,‎Qalirvis Chargeur iPhone USB Type-C Blanc,NEXTHOPE,0,43778.00,1.00,,,True
20489,JBL Go 4 Rouge,NEXTHOPE,0,146810.00,1.00,,,True
20490,JBL Charge 5 Rose,NEXTHOPE,0,494649.00,1.00,,,True
20492,JBL Charge 5 Teal,NEXTHOPE,0,494649.00,1.00,,,True
20493,JBL Charge 5 Blanc,NEXTHOPE,0,494649.00,1.00,,,True
20494,HIKVISION Caméra DS-J142I(STD)/NKS422W0H 2CAM,R2S,0,304665.00,1.00,,,True
20495,JBL Boombox 4 Noir,NEXTHOPE,0,2016057.61,1.00,,,True
20496,Concentrateur 7 en 1 Anker USB C Hub 4K,NEXTHOPE,0,92697.00,1.00,,,True
20497,Support de recharge Joy-Con Nintendo Switch 2,NEXTHOPE,0,143471.00,1.00,,,True
20498,Silicone Skin Konix Noir Joy-con Nintendo Switch 2,NEXTHOPE,0,13250.00,1.00,,,True
20499,Ghost of Yotei PS5 VF,NEXTHOPE,0,316463.00,1.00,,,True
20500,Sony PS5 DualSense Gold Édition limitée Ghost of Yotei,NEXTHOPE,0,335649.00,1.00,,,True
20509,"Moniteur MSI Pro MP273A 27""",NEXTHOPE,0,471015.87,1.00,,,True
20510,JBL Tuner 3 Bluetooth Noir,NEXTHOPE,0,393843.00,1.00,,,True
20511,Lenovo Thinkpad T490s,NEXTHOPE,0,1166000.00,1.00,,,True
20512,Lenovo Thinkpad T490s,NEXTHOPE,0,1166000.00,1.00,,,True
20513,Lenovo Thinkpad T490s,NEXTHOPE,0,1166000.00,1.00,,,True
20514,Lenovo Thinkpad T590,NEXTHOPE,0,1166000.00,1.00,,,True
20515,Lenovo Thinkpad T590,NEXTHOPE,0,1166000.00,1.00,,,True
20516,Lenovo Thinkpad T590,NEXTHOPE,0,1166000.00,1.00,,,True
20519,Lenovo Thinkpad T490s,NEXTHOPE,0,895806.00,1.00,,,True
20520,Lenovo Thinkpad T490s,NEXTHOPE,0,895806.00,1.00,,,True
20521,Lenovo Thinkpad T490s,NEXTHOPE,0,1123600.00,1.00,,,True
20522,Projecteur Epson EB-FH54 4100 Lumens,SUPERDIST SARL,0,3744000.00,1.00,,,True
20524,Console Sony PS5 Edition Digitale Chassis E + EA Sports FC 26,NEXTHOPE,0,2202945.00,1.00,,,True
20525,Sony PS5 DualSense ASTRO BOT Joyful Limited Edition,NEXTHOPE,0,335649.00,1.00,,,True
20526,Console Sony PS5 Edition Standard Chassis E + FC26,NEXTHOPE,0,2424008.00,1.00,,,True
20534,"Asus ExpertBook P1 P1403CVA-S61051 NJ0899 14""",CLINIC INFO DISTRIBUTION,0,3150000.00,1.00,,,True
20536,Panneau solaire Ecoflow pliable double face 220W,NEXTHOPE,0,2343178.38,1.00,,,True
20537,Station de charge Ecoflow River 2 Max 1000 W,NEXTHOPE,0,2046040.56,1.00,,,True
20539,Logitech G435 Gaming sans fil,NEXTHOPE,0,132447.00,1.00,,,True
20540,Evans - SoundOff Standard Box Set,NEXTHOPE,0,632449.00,1.00,,,True
20541,Laney - DH80 DrumHub,NEXTHOPE,0,997672.00,1.00,,,True
20542,LD Systems LDI 02 - Boîte de Direct active,NEXTHOPE,0,153912.00,1.00,,,True
20543,Casque VR Shinecon Lunettes 3D,NEXTHOPE,0,198379.00,1.00,,,True
20544,Répéteur WiFi TP-LINK AX3000 Blanc,NEXTHOPE,0,218572.00,1.00,,,True
20545,Casque VR Meta Quest 3S 128 Go - Pack Cardboard Hero Gorilla Tag Blanc,NEXTHOPE,0,1236596.00,1.00,,,True
20546,Blink Camera Outdoor 4 HD,NEXTHOPE,0,158947.00,1.00,,,True
20547,Trefard Chargeur iPhone 25W Blanc,NEXTHOPE,0,50297.00,1.00,,,True
20548,Chargeur USB C pour iPhone 25W Blanc,NEXTHOPE,0,31747.00,1.00,,,True
20549,Chargeur pour Samsung 45W USB Type C to Type C,NEXTHOPE,0,105947.00,1.00,,,True
20550,Console Lenovo Legion Go S 8ARP1,NEXTHOPE,0,1921197.00,1.00,,,True
20551,Google Pixel 9 Pro,NEXTHOPE,0,2635584.00,1.00,,,True
20552,IK Multimédia - iRig Keys 2 PRO,NEXTHOPE,0,550882.00,1.00,,,True
20553,"Clavier FINTIE sans Fil 10"" Azerty Noir",NEXTHOPE,0,103774.00,1.00,,,True
20554,Micro-cravate DJI Mic Mini,NEXTHOPE,0,348899.00,1.00,,,True
20555,Console Sony PS5 Pro,NEXTHOPE,0,3525560.00,1.00,,,True
20556,Blink Mini Camera Indoor HD,NEXTHOPE,0,188786.00,1.00,,,True
20557,"XDrum - Rookie Standard Batterie acoustique 22"" noir set complet avec école de batterie + DVD",MANOOVA,0,1745287.54,1.00,,,True
20558,Multiprise Connectée Tapo Wifi P300,NEXTHOPE,0,169017.00,1.00,,,True
20559,Xiaomi Redmi Watch 5 Active,NEXTHOPE,0,136846.00,1.00,,,True
20560,Ampoule connectée Tapo Wifi L530E,NEXTHOPE,0,33549.00,1.00,,,True
20561,Ruban LED connecté 5m TAPO L900-5,NEXTHOPE,0,66197.00,1.00,,,True
20562,Anker 335 chargeur USB-C 67 W,NEXTHOPE,0,104198.00,1.00,,,True
20563,Blink sync module 2,NEXTHOPE,0,146810.00,1.00,,,True
20564,"CAHAYA -  Housse de transport pour ukulélé en coton et nylon, rembourrée - 9 mm",NEXTHOPE,0,70596.00,1.00,,,True
20565,Amazon Echo Show 5,NEXTHOPE,0,264947.00,1.00,,,True
20566,Amazon Echo Dot,NEXTHOPE,0,132447.00,1.00,,,True
20567,Adaptateur Hub NOVOO USB-C 11 en 1,NEXTHOPE,0,190906.00,1.00,,,True
20568,Toshiba Canvio Basics HDTB540EK3CA 4 To,NEXTHOPE,0,463220.00,1.00,,,True
20569,"Asus ExpertBook P1 P1403CVA-S61050 14""",CLINIC INFO DISTRIBUTION,0,2700000.00,1.00,,,True
20570,"Asus ExpertBook P1 P1403CVA-S61051 14""",CLINIC INFO DISTRIBUTION,0,3150000.00,1.00,,,True
20571,"Asus ExpertBook P1 P1403CVA-S61050 14""",CLINIC INFO DISTRIBUTION,0,2763600.00,1.00,,,True
20572,Lenovo ThinkPad E16 G3,NEXTHOPE,0,3272309.64,1.00,,,True
20576,"MSI Gaming Cyborg 15 A13VE-2092FR 15,6""",NEXTHOPE,0,3838101.00,1.00,,,True
29229,Amazon Fire TV Stick 4K Select,NEXTHOPE,0,132447.00,1.00,,,True
29230,Câble d'enceinte XLR 3 Broches Femelle vers Speakon Mâle pour DJ/PA avec Verrouillage par Rotation (3 M),NEXTHOPE,0,86778.00,1.00,,,True
29231,JBL Tune 780NC Bleu,NEXTHOPE,0,365700.00,1.00,,,True
29232,JBL Tune 730 Bluetooth Bleu,NEXTHOPE,0,225038.00,1.00,,,True
29233,JBL Tune 530 Bleu,NEXTHOPE,0,84376.00,1.00,,,True
29234,JBL Tune 530 Noir,NEXTHOPE,0,84376.00,1.00,,,True
29236,JBL Tune 530 Bluetooth Noir,NEXTHOPE,0,140662.00,1.00,,,True
29237,JBL Tune 530 Bluetooth Beige,NEXTHOPE,0,140662.00,1.00,,,True
29238,JBL Tune 530 Bluetooth Bleu,NEXTHOPE,0,140662.00,1.00,,,True
29239,Divarte - ST Electric Pack Black,NEXTHOPE,0,872994.34,1.00,,,True
29240,BoomTone DJ - CUBE 200 + MIC10,NEXTHOPE,0,216728.67,1.00,,,True
29241,Kirby et le monde oublié Nintendo Switch 2 Edition + Le pays des étoiles filantes,NEXTHOPE,0,322293.00,1.00,,,True
29242,Console Sony PS5 Edition Standard Chassis E,NEXTHOPE,0,2424008.00,1.00,,,True
29243,Sony PS5 DualSense V3 Noir,NEXTHOPE,0,297330.00,1.00,,,True
29244,Project motor racing PS5 VF,NEXTHOPE,0,252280.00,1.00,,,True
29245,Casque Gaming Konix Nexus PS5,NEXTHOPE,0,53000.00,1.00,,,True
29246,Konix Drakkar Warlock,NEXTHOPE,0,53000.00,1.00,,,True
29247,Souris Konix Arcane Gaming,NEXTHOPE,0,39697.00,1.00,,,True
29249,Blackview Tab 60 Pro Set Blue,NEXTHOPE,0,521115.93,1.00,,,True
29250,Blackview R30 Max Black,NEXTHOPE,0,73657.57,1.00,,,True
29251,Blackview R30 Max Blue,NEXTHOPE,0,73657.57,1.00,,,True
29252,Blackview AirBuds 30 Noir,NEXTHOPE,0,55937.04,1.00,,,True
29253,Blackview AirBuds 30 Blanc,NEXTHOPE,0,55937.04,1.00,,,True
29254,Blackview Fort 100 Noir,NEXTHOPE,0,552144.51,1.00,,,True
29255,Blackview Acebook 6,NEXTHOPE,0,1570037.11,1.00,,,True
29256,Blackview Wave 9C Black,NEXTHOPE,0,312957.96,1.00,,,True
29257,Blackview Wave 9C Blue,NEXTHOPE,0,312957.96,1.00,,,True
29258,Blackview Tab A6 Kids Blue,NEXTHOPE,0,358286.51,1.00,,,True
29259,Blackview Wave 10 Black,NEXTHOPE,0,414868.65,1.00,,,True
29260,Blackview Wave 10 Blue,NEXTHOPE,0,414868.65,1.00,,,True
29261,Blackview Active 7 Noir,NEXTHOPE,0,834225.68,1.00,,,True
29262,Blackview Zeno 10 Black,NEXTHOPE,0,770721.23,1.00,,,True
29263,Epson EcoTank L18050,NEXTHOPE,0,3662000.00,1.00,,,True
29264,Dongle WiFi Tenda Nano USB WiFi 6,SPECIO,0,40000.00,1.00,,,True
